,Unnamed: 0,filename,partisan,level,type,candidates,choices,gamma bf,gamma mds,#1 candidate,#2 candidate,#3 candidate,#4 candidate,#5 candidate
0,0,Alaska_04102020_PRESIDENTOFTHEUNITEDSTATES.csv,DP,3,E,8,5,,0.56529227,82.99564381,76.20808429,46.11994732,27.87964745,27.73275251
1,1,Alaska_08162022_HouseofRepresentativesSpecial.csv,1,3,R,3,4,0.9553301,0.9553301,75.10219643,64.11899265,60.4955203,,
2,2,Alaska_11082022_GovernorLieutenantGovernor.csv,1,2,E,4,5,0.83961886,0.744511665,67.21896623,51.78961697,49.1061368,42.65928083,
3,3,Alaska_11082022_HouseDistrict1.csv,1,2,R,2,3,1,1,63.43829279,62.6921355,,,
4,4,Alaska_11082022_HouseDistrict2.csv,1,2,R,2,3,1,1,67.32145363,55.28272766,,,
5,5,Alaska_11082022_HouseDistrict3.csv,1,2,R,1,2,1,,100,,,,
6,6,Alaska_11082022_HouseDistrict4.csv,1,2,R,2,3,1,1,85.64320211,38.18235036,,,
7,7,Alaska_11082022_HouseDistrict5.csv,1,2,R,2,3,1,1,75.66009669,56.63815545,,,
8,8,Alaska_11082022_HouseDistrict6.csv,1,2,R,3,4,0.962293877,0.880054616,63.87984455,56.20207961,35.15387039,,
9,9,Alaska_11082022_HouseDistrict7.csv,1,2,R,2,3,1,1,71.36370294,64.99194375,,,
10,10,Alaska_11082022_HouseDistrict8.csv,1,2,R,1,2,1,,100,,,,
11,11,Alaska_11082022_HouseDistrict9.csv,1,2,R,2,3,1,1,64.95517522,54.23797881,,,
12,12,Alaska_11082022_HouseDistrict10.csv,1,2,R,3,4,0.907753421,0.907753421,66.80888627,54.93600118,39.0613506,,
13,13,Alaska_11082022_HouseDistrict11.csv,1,2,R,3,4,0.928896992,0.913009506,61.51842688,57.15587967,49.7069931,,
14,14,Alaska_11082022_HouseDistrict12.csv,1,2,R,2,3,1,1,66.52790626,56.73758865,,,
15,15,Alaska_11082022_HouseDistrict13.csv,1,2,R,2,3,1,1,62.25835592,61.58988257,,,
16,16,Alaska_11082022_HouseDistrict14.csv,1,2,R,2,3,1,1,73.24784823,48.72650624,,,
17,17,Alaska_11082022_HouseDistrict15.csv,1,2,R,3,4,0.937964237,0.929436039,60.7565337,57.2352132,51.80192572,,
18,18,Alaska_11082022_HouseDistrict16.csv,1,2,R,2,3,1,1,64.35167122,56.41825985,,,
19,19,Alaska_11082022_HouseDistrict17.csv,1,2,R,2,3,1,1,79.09859155,72.76995305,,,
20,20,Alaska_11082022_HouseDistrict18.csv,1,2,R,3,4,0.930155734,0.891930156,62.95422369,61.20811704,56.01698915,,
21,21,Alaska_11082022_HouseDistrict19.csv,1,2,R,2,3,1,1,88.57142857,63.42857143,,,
22,22,Alaska_11082022_HouseDistrict20.csv,1,2,R,4,5,0.805383848,0.782851446,65.06480558,50.36889332,48.41475573,36.15154536,
23,23,Alaska_11082022_HouseDistrict21.csv,1,2,R,2,3,1,1,61.9013683,60.27651083,,,
24,24,Alaska_11082022_HouseDistrict22.csv,1,2,R,2,3,1,1,64.79470199,60.90066225,,,
25,25,Alaska_11082022_HouseDistrict23.csv,1,2,R,2,3,1,1,74.8157419,61.39618968,,,
26,26,Alaska_11082022_HouseDistrict24.csv,1,2,R,3,4,0.932133333,0.918533333,77.48,63.38666667,36.8,,
27,27,Alaska_11082022_HouseDistrict25.csv,1,2,R,2,3,1,1,88.60619469,48.87997788,,,
28,28,Alaska_11082022_HouseDistrict26.csv,1,2,R,2,3,1,1,87.86915039,32.45494472,,,
29,29,Alaska_11082022_HouseDistrict27.csv,1,2,R,3,4,0.86332737,0.86332737,74.00715564,60.55456172,59.87477639,,
30,30,Alaska_11082022_HouseDistrict28.csv,1,2,R,4,5,0.681833445,0.74278039,69.39220954,56.16185359,55.43989255,51.94761585,
31,31,Alaska_11082022_HouseDistrict29.csv,1,2,R,2,3,1,1,82.73689854,40.2761024,,,
32,32,Alaska_11082022_HouseDistrict30.csv,1,2,R,3,4,0.950225644,0.878152376,68.68861163,66.65781789,34.01911335,,
33,33,Alaska_11082022_HouseDistrict31.csv,1,2,R,3,4,0.897693672,0.873447664,63.70983639,62.86221171,52.92726198,,
34,34,Alaska_11082022_HouseDistrict32.csv,1,2,R,3,4,0.958083832,0.795461708,74.40907658,56.69713205,48.03025528,,
35,35,Alaska_11082022_HouseDistrict33.csv,1,2,R,1,2,1,,100,,,,
36,36,Alaska_11082022_HouseDistrict34.csv,1,2,R,3,4,0.943902439,0.893224932,66.36856369,53.53658537,47.87262873,,
37,37,Alaska_11082022_HouseDistrict35.csv,1,2,R,4,5,0.840717441,0.834961852,62.80283764,54.50408245,45.8037746,26.60955695,
38,38,Alaska_11082022_HouseDistrict36.csv,1,2,R,2,3,1,1,74.99330656,45.79651941,,,
39,39,Alaska_11082022_HouseDistrict37.csv,1,2,R,1,2,1,,100,,,,
40,40,Alaska_11082022_HouseDistrict38.csv,1,2,R,1,2,1,,100,,,,
41,41,Alaska_11082022_HouseDistrict39.csv,1,2,R,2,3,1,1,78.4543965,75.20480612,,,
42,42,Alaska_11082022_HouseDistrict40.csv,1,2,R,1,2,1,,100,,,,
43,43,Alaska_11082022_SenateDistrictA.csv,1,2,S,2,3,1,1,81.00580271,51.14893617,,,
44,44,Alaska_11082022_SenateDistrictB.csv,1,2,S,1,2,1,,100,,,,
45,45,Alaska_11082022_SenateDistrictC.csv,1,2,S,3,4,0.927595335,0.927595335,71.78936825,56.63590184,40.08728626,,
46,46,Alaska_11082022_SenateDistrictD.csv,1,2,S,3,4,0.956387317,0.832390475,71.31298513,65.15590054,31.05512433,,
47,47,Alaska_11082022_SenateDistrictE.csv,1,2,S,3,4,0.960562537,0.960562537,65.30221424,57.73189707,50.68222621,,
48,48,Alaska_11082022_SenateDistrictF.csv,1,2,S,2,3,1,1,65.97008666,54.94828068,,,
49,49,Alaska_11082022_SenateDistrictG.csv,1,2,S,2,3,1,1,65.19371541,57.99857168,,,
50,50,Alaska_11082022_SenateDistrictH.csv,1,2,S,2,3,1,1,61.3540569,61.24209694,,,
51,51,Alaska_11082022_SenateDistrictI.csv,1,2,S,2,3,1,1,76.39296188,51.79952013,,,
52,52,Alaska_11082022_SenateDistrictJ.csv,1,2,S,3,4,0.935144509,0.924277457,69.2716763,60.56647399,52.65895954,,
53,53,Alaska_11082022_SenateDistrictK.csv,1,2,S,2,3,1,1,65.8525303,57.87769451,,,
54,54,Alaska_11082022_SenateDistrictL.csv,1,2,S,2,3,1,1,72.73100897,66.42920748,,,
55,55,Alaska_11082022_SenateDistrictM.csv,1,2,S,2,3,1,1,82.77650546,35.61228614,,,
56,56,Alaska_11082022_SenateDistrictN.csv,1,2,S,3,4,0.85008223,0.826452004,74.08465334,64.06993854,60.63360166,,
57,57,Alaska_11082022_SenateDistrictO.csv,1,2,S,2,3,1,1,73.15956323,68.14371257,,,
58,58,Alaska_11082022_SenateDistrictP.csv,1,2,S,3,4,0.904546537,0.805522495,66.35324923,63.94905975,46.79838134,,
59,59,Alaska_11082022_SenateDistrictQ.csv,1,2,S,3,4,0.898730281,0.859022701,75.5367449,48.48018469,32.41246633,,
60,60,Alaska_11082022_SenateDistrictR.csv,1,2,S,3,4,0.920295304,0.865541049,75.78098298,54.04333857,39.74297628,,
61,61,Alaska_11082022_SenateDistrictS.csv,1,2,S,2,3,1,1,79.97395457,62.58139198,,,
62,62,Alaska_11082022_USRepresentative.csv,1,3,R,4,5,0.825703481,0.757514115,64.61950122,59.18676972,57.31220374,35.85074424,
63,63,Alaska_11082022_USSenator.csv,1,3,S,4,5,0.831821701,0.82133641,65.75829564,60.02952427,44.63515893,41.55256687,
64,64,Albany_11082022_BoardofEducation.csv,,,,5,5,0.62540366,0.64262648,87.80562817,84.99154237,79.97847147,56.6815316,1.968322313
65,65,Albany_11082022_CityCouncil.csv,,,,6,5,0.343728344,0.304781705,88.46846847,82.86902287,81.82952183,80.31878032,60.45738046
66,66,Albany_11082022_FAKECityCouncil.csv,,,,5,5,0.599327543,0.43905856,83.76295881,82.71224433,81.18520594,61.1095545,1.667133651
67,67,Berkeley_03072017_CityCouncilDistrict4.csv,0,1,R,2,3,1,1,78.30261137,65.62980031,,,
68,68,Berkeley_11022010_CityAuditor.csv,0,1,O,1,3,1,,100,,,,
69,69,Berkeley_11022010_CityCouncilDistrict1.csv,0,1,R,4,3,0.787372494,0.743580725,84.15406261,59.90151249,45.39219135,20.1899402,
70,70,Berkeley_11022010_CityCouncilDistrict4.csv,0,1,R,4,3,0.688117771,0.724500526,77.05573081,64.3533123,47.71819138,34.30073607,
71,71,Berkeley_11022010_CityCouncilDistrict7.csv,0,1,R,3,3,0.79587431,0.684096906,86.44758935,76.54113696,74.52626529,,
72,72,Berkeley_11022010_CityCouncilDistrict8.csv,0,1,R,3,3,0.803050109,0.748583878,84.68409586,69.91285403,69.49891068,,
73,73,Berkeley_11032020_MayorBerkeleyRCV.csv,0,1,E,4,5,0.783319622,0.766162759,87.79308926,60.78259975,52.50411353,36.77498972,
74,74,Berkeley_11032020_MemberCityCouncilDist2BerkeleyRCV.csv,0,1,R,4,5,0.693770572,0.659270998,81.18980861,71.26660978,68.47494819,54.65073754,
75,75,Berkeley_11032020_MemberCityCouncilDist3BerkeleyRCV.csv,0,1,R,3,5,0.923176745,0.888917726,89.32001038,64.33947573,46.74279782,,
76,76,Berkeley_11032020_MemberCityCouncilDist5BerkeleyRCV.csv,0,1,R,3,5,0.966956175,0.833083758,89.97703903,50.25456724,32.91404612,,
77,77,Berkeley_11032020_MemberCityCouncilDist6BerkeleyRCV.csv,0,1,R,2,5,1,1,86.46975364,55.11414936,,,
78,78,Berkeley_11042014_CityAuditor.csv,0,1,O,1,3,1,,100,,,,
79,79,Berkeley_11042014_CityCouncilDistrict1.csv,0,1,R,3,3,0.917429546,0.859091725,83.0371567,74.7083109,47.9267636,,
80,80,Berkeley_11042014_CityCouncilDistrict7.csv,0,1,R,2,3,1,1,76.21262458,68.8372093,,,
81,81,Berkeley_11042014_CityCouncilDistrict8.csv,0,1,R,4,3,0.542623675,0.671378092,70.64929329,65.6139576,59.80565371,51.70053004,
82,82,Berkeley_11062012_CityCouncilDistrict2.csv,0,1,R,3,3,0.889732528,0.889732528,81.69111303,68.26574633,60.13805004,,
83,83,Berkeley_11062012_CityCouncilDistrict3.csv,0,1,R,2,3,1,1,76.30662021,64.42121564,,,
84,84,Berkeley_11062012_CityCouncilDistrict5.csv,0,1,R,2,3,1,1,71.30303791,65.85488325,,,
85,85,Berkeley_11062012_CityCouncilDistrict6.csv,0,1,R,2,3,1,1,95.85167626,5.519810362,,,
86,86,Berkeley_11062012_Mayor.csv,0,1,E,7,3,0.651337241,0.735586256,72.46169214,51.52760239,37.95163692,20.51567182,20.26499802
87,87,Berkeley_11062018_CityAuditor.csv,0,1,O,2,3,1,1,96.99315272,38.34276074,,,
88,88,Berkeley_11062018_CityCouncilDistrict1.csv,0,1,R,4,3,0.685377598,0.598834263,74.40446021,73.9736442,66.81449569,28.53522554,
89,89,Berkeley_11062018_CityCouncilDistrict4.csv,0,1,R,3,3,0.854485777,0.854485777,83.97155361,78.19110139,69.18307805,,
90,90,Berkeley_11062018_CityCouncilDistrict7.csv,0,1,R,3,3,0.912224591,0.912224591,91.29353234,81.66311301,67.66169154,,
91,91,Berkeley_11062018_CityCouncilDistrict8.csv,0,1,R,4,3,0.764077522,0.724248436,81.36731268,71.99755837,46.55882802,32.09217152,
92,92,Berkeley_11082016_CityCouncilDistrict2.csv,0,1,R,3,3,0.830067189,0.830067189,76.37178052,74.13213886,73.46024636,,
93,93,Berkeley_11082016_CityCouncilDistrict3.csv,0,1,R,4,3,0.782675839,0.654499509,82.83026815,63.48448687,54.76625018,25.22813421,
94,94,Berkeley_11082016_CityCouncilDistrict5.csv,0,1,R,2,3,1,1,76.26555127,62.73058773,,,
95,95,Berkeley_11082016_CityCouncilDistrict6.csv,0,1,R,3,3,0.836436705,0.828131279,82.57200268,64.75552579,57.56195579,,
96,96,Berkeley_11082016_Mayor.csv,0,1,E,8,3,,0.635330038,72.40937231,56.97609689,45.12407011,17.52838177,13.62325197
97,97,Burlington_03032009_Mayor.csv,1,1,E,5,5,0.493979933,0.554849498,74.74916388,68.92976589,67.93756968,67.8483835,37.79264214
98,98,Burlington_03072006_Mayor.csv,1,1,E,5,5,0.623363339,0.656914894,76.09451718,76.05360065,61.25204583,35.01432079,32.43657938
99,99,Burlington_03072023_CityCouncilCentralDistrict.csv,1,1,R,2,3,1,1,81.37024871,71.6564993,,,
100,100,Burlington_03072023_CityCouncilEastDistrict.csv,1,1,R,2,3,1,1,84.56568557,68.34170854,,,
101,101,Burlington_03072023_CityCouncilNorthDistrict.csv,1,1,R,1,2,1,,100,,,,
102,102,Burlington_03072023_CityCouncilSouthDistrict.csv,1,1,R,3,4,0.856632957,0.856632957,89.94646044,54.66983938,51.93337299,,
103,103,Corvallis_11082022_CityCouncilWard9.csv,0,1,R,3,3,0.83195706,0.83195706,92.6507019,89.55408753,86.91164327,,
104,104,Corvallis_11082022_Mayor.csv,0,1,E,3,3,0.788546469,0.788546469,92.3125455,90.90026693,89.49769473,,
105,105,Easthampton_11022021_Mayor.csv,1,1,E,66,4,,0.6785541,78.86948083,35.58951965,32.04754973,22.07666181,0.12130034
106,106,Eastpointe_11052019_CityCouncil.csv,0,1,R,4,4,0.593562575,0.6227509,83.34666134,77.04918033,67.93282687,61.29548181,
107,107,ElkRidge_11022021_Mayor.csv,0,1,E,3,3,0.894576012,0.894576012,89.07563025,89.07563025,81.97097021,,
108,108,Hawaii_05232020_PresidentoftheUnitedStateCD1.csv,DP,3,E,11,3,,0.71617637,78.09092779,49.43427278,27.23719399,9.236782555,8.935061373
109,109,Hawaii_05232020_PresidentoftheUnitedStateCD1CD2.csv,DP,3,E,11,3,,0.747941446,75.94064501,52.77904849,26.61539341,12.30272187,7.450823422
110,110,Hawaii_05232020_PresidentoftheUnitedStateCD2.csv,DP,3,E,11,3,,0.727553572,74.40298142,55.17089197,26.17074486,14.71093022,7.585936351
111,111,Kansas_05022020_PRESIDENTOFTHEUNITEDSTATES.csv,DP,3,E,5,5,0.69377258,0.604950367,92.99695875,62.81781751,62.22861769,34.41988311,27.41480075
112,112,LasCruces_11052019_COUNCILORPOSITION2CITYOFLASCRUCESDISTRICT2COUNCILOR.csv,0,1,R,4,4,0.632,0.655111111,74.04444444,66.8,60.97777778,48.48888889,
113,113,LasCruces_11052019_COUNCILORPOSITION4CITYOFLASCRUCESDISTRICT4COUNCILOR.csv,0,1,R,3,3,0.859615385,0.755769231,80.83333333,73.46153846,73.14102564,,
114,114,LasCruces_11052019_MAYORCITYOFLASCRUCES.csv,0,1,E,10,0,,0.341229193,73.51685873,62.39863423,55.00782473,47.68103571,47.31825295
115,115,Maine_06122018_DemocraticPrimaryforCD2.csv,1,3,R,4,5,0.694512424,0.676191106,81.94104548,79.38796658,57.80364663,41.8325727,
116,116,Maine_06122018_DemocraticPrimaryforGovernor.csv,1,2,E,7,8,0.303228417,0.311638646,79.81703785,74.06237851,70.53404953,69.47880384,51.26907178
117,117,Maine_07142020_DemocraticCandidateforMaineStateHouseDistrict41.csv,1,2,R,3,3,0.839540412,0.788431062,90.68938193,88.07448494,77.81299525,,
118,118,Maine_07142020_DemocraticCandidateforMaineStateHouseDistrict47.csv,1,2,R,3,3,0.794471154,0.794471154,88.10096154,85.53685897,82.8525641,,
119,119,Maine_07142020_DemocraticCandidateforMaineStateHouseDistrict49.csv,1,2,R,3,3,0.775322284,0.735267035,86.32596685,82.18232044,81.30755064,,
120,120,Maine_07142020_DemocraticCandidateforMaineStateHouseDistrict90.csv,1,2,R,3,3,0.872350912,0.77821587,88.86150813,87.38294726,77.13159192,,
121,121,Maine_07142020_DemocraticCandidateforMaineStateSenateDistrict11.csv,1,2,R,3,3,0.790816327,0.749433107,89.1723356,82.61526833,82.52078609,,
122,122,Maine_07142020_RepublicanCandidateforUSHouseofRepresentativesDistrict2.csv,1,3,R,3,3,0.848793606,0.848793606,80.46096739,70.9158744,66.50695049,,
123,123,Maine_11062018_CongressionalDistrict2.csv,1,3,R,4,5,0.784114369,0.791052184,65.35504172,62.19459657,45.35669604,41.27327683,
124,124,Maine_11082022_CongressionalDistrict2.csv,1,3,R,3,4,0.934384502,0.934384502,63.40318694,62.49952688,49.72369766,,
125,125,Minneapolis_08112020_Ward6CityCouncilSpecialElection.csv,0,1,R,12,3,,0.685729072,38.87954457,32.09988356,25.13908656,19.92495795,15.50006469
126,126,Minneapolis_11022021_CityCouncilWard1.csv,0,1,R,4,3,0.890309026,0.7501532,68.89608684,68.30955091,32.96857218,13.61288628,
127,127,Minneapolis_11022021_CityCouncilWard2.csv,0,1,R,5,3,0.708118895,0.762524945,62.03129923,57.86156916,54.09095683,38.15775654,9.190211112
128,128,Minneapolis_11022021_CityCouncilWard3.csv,0,1,R,4,3,0.834935416,0.789726645,68.30129168,55.95524181,43.03844998,19.60799039,
129,129,Minneapolis_11022021_CityCouncilWard4.csv,0,1,R,3,3,0.960789728,0.823415712,80.87808919,57.97321552,38.83749827,,
130,130,Minneapolis_11022021_CityCouncilWard5.csv,0,1,R,7,3,0.693978102,0.570985401,54.12408759,50.65693431,44.9270073,22.51824818,20.51094891
131,131,Minneapolis_11022021_CityCouncilWard6.csv,0,1,R,2,3,1,1,70.11365455,56.3310389,,,
132,132,Minneapolis_11022021_CityCouncilWard7.csv,0,1,R,4,3,0.792345487,0.886733902,74.69183691,43.4186708,32.9195759,24.58408758,
133,133,Minneapolis_11022021_CityCouncilWard8.csv,0,1,R,2,3,1,1,88.29827554,18.55220769,,,
134,134,Minneapolis_11022021_CityCouncilWard9.csv,0,1,R,8,3,,0.731010766,67.88277512,33.59748804,24.85047847,19.39294258,18.39114833
135,135,Minneapolis_11022021_CityCouncilWard10.csv,0,1,R,6,3,0.727170131,0.787360105,56.44691056,53.32455563,46.52496943,33.96031224,26.53061224
136,136,Minneapolis_11022021_CityCouncilWard11.csv,0,1,R,5,3,0.808055098,0.81561611,75.55023207,48.36801916,24.18026651,19.70354844,13.63228028
137,137,Minneapolis_11022021_CityCouncilWard12.csv,0,1,R,3,3,0.962597911,0.962597911,80.92689295,50.50261097,27.30417755,,
138,138,Minneapolis_11022021_CityCouncilWard13.csv,0,1,R,5,3,0.876708999,0.87354925,81.06580786,47.65145531,21.35261591,14.92374066,13.58084706
139,139,Minneapolis_11022021_Mayor.csv,0,1,E,18,3,,0.725366599,55.95385364,47.84349156,41.35798179,19.68378623,12.35249149
140,140,Minneapolis_11022021_ParkBoardAtLarge.csv,0,1,B,7,3,0.596266913,0.547817812,50.34296913,38.59344967,35.05069159,34.39019334,25.04993781
141,141,Minneapolis_11022021_ParkBoardDistrict1.csv,0,1,B,1,3,1,,100,,,,
142,142,Minneapolis_11022021_ParkBoardDistrict2.csv,0,1,B,3,3,0.829797134,0.806625721,67.43904709,64.4332775,62.81407035,,
143,143,Minneapolis_11022021_ParkBoardDistrict3.csv,0,1,B,3,3,0.903329824,0.903329824,72.38088971,44.30771256,40.2276915,,
144,144,Minneapolis_11022021_ParkBoardDistrict4.csv,0,1,B,2,3,1,1,74.77126222,56.59180703,,,
145,145,Minneapolis_11022021_ParkBoardDistrict5.csv,0,1,B,3,3,0.917492352,0.868590475,78.2384366,54.59568056,36.30884435,,
146,146,Minneapolis_11022021_ParkBoardDistrict6.csv,0,1,B,4,3,0.750388294,0.740292651,57.66369656,54.08321753,45.28733753,44.93174201,
147,147,Minneapolis_11052013_Mayor.csv,0,1,E,35,3,,0.514412054,62.51480259,51.45758271,42.02927763,22.49615763,18.82133589
148,148,Minneapolis_11052013_PRBoardDistrict2.csv,0,1,B,2,3,1,1,85.1445663,59.75407112,,,
149,149,Minneapolis_11052013_PRBoardDistrict6.csv,0,1,B,2,3,1,1,82.65090139,63.3676374,,,
150,150,Minneapolis_11052013_Ward5CityCouncil.csv,0,1,R,4,3,0.72766323,0.73024055,78.35051546,63.1443299,58.04696449,23.59679267,
151,151,Minneapolis_11052013_Ward9CityCouncil.csv,0,1,R,6,3,0.677791116,0.609843938,73.54141657,63.21728691,30.32412965,26.53061224,24.75390156
152,152,Minneapolis_11052013_Ward13CityCouncil.csv,0,1,R,5,3,0.817503587,0.531516021,79.79913917,77.88617886,60.81300813,16.65231946,8.225729316
153,153,Minneapolis_11062009_Mayor.csv,0,1,E,11,3,,0.813208761,82.04877832,21.61514392,21.45092208,21.32442689,7.756152771
154,154,Minneapolis_11062009_PRBoardDistrict1.csv,0,1,B,3,3,0.937403267,0.903009458,85.03869304,39.6044712,31.88306105,,
155,155,Minneapolis_11062009_PRBoardDistrict2.csv,0,1,B,2,3,1,1,73.23332017,61.64626925,,,
156,156,Minneapolis_11062009_PRBoardDistrict3.csv,0,1,B,2,3,1,1,83.60655738,42.26101767,,,
157,157,Minneapolis_11062009_PRBoardDistrict4.csv,0,1,B,1,3,1,,100,,,,
158,158,Minneapolis_11062009_PRBoardDistrict5.csv,0,1,B,5,3,0.762794268,0.830348004,61.82190379,55.4247697,46.43039918,15.77533265,8.303480041
159,159,Minneapolis_11062009_PRBoardDistrict6.csv,0,1,B,4,3,0.851339983,0.844610023,63.9706766,63.38180507,31.21019108,15.97163802,
160,160,Minneapolis_11062009_Ward1CityCouncil.csv,0,1,R,5,3,0.812247984,0.783014113,70.3125,47.25302419,47.02620968,17.3891129,16.6078629
161,161,Minneapolis_11062009_Ward2CityCouncil.csv,0,1,R,2,3,1,1,89.01345291,27.31689088,,,
162,162,Minneapolis_11062009_Ward3CityCouncil.csv,0,1,R,4,3,0.901781635,0.883965281,80.72179077,47.73869347,18.2731841,15.21242577,
163,163,Minneapolis_11062009_Ward4CityCouncil.csv,0,1,R,4,3,0.764563107,0.743021845,66.80825243,55.82524272,40.74635922,31.06796117,
164,164,Minneapolis_11062009_Ward5CityCouncil.csv,0,1,R,5,3,0.744110855,0.707621247,64.01847575,58.66050808,48.54503464,23.41801386,11.40877598
165,165,Minneapolis_11062009_Ward6CityCouncil.csv,0,1,R,6,3,0.635373444,0.622925311,68.10165975,38.0186722,33.14315353,31.69087137,22.25103734
166,166,Minneapolis_11062009_Ward7CityCouncil.csv,0,1,R,3,3,0.932997942,0.885204665,77.38394695,41.1845415,31.35147496,,
167,167,Minneapolis_11062009_Ward8CityCouncil.csv,0,1,R,5,3,0.883284837,0.8066602,88.16682832,52.21467831,22.79340446,16.42418364,9.279017135
168,168,Minneapolis_11062009_Ward9CityCouncil.csv,0,1,R,4,3,0.869361844,0.814567324,80.92215169,61.64383562,29.36852656,22.65285667,
169,169,Minneapolis_11062009_Ward10CityCouncil.csv,0,1,R,4,3,0.805655836,0.881167268,85.46931408,39.2599278,32.22021661,26.98555957,
170,170,Minneapolis_11062009_Ward11CityCouncil.csv,0,1,R,3,3,0.972229172,0.943457593,81.48611459,55.46659995,27.42056542,,
171,171,Minneapolis_11062009_Ward12CityCouncil.csv,0,1,R,4,3,0.855656973,0.836765018,77.86032689,45.48928041,35.95839525,15.62300998,
172,172,Minneapolis_11062009_Ward13CityCouncil.csv,0,1,R,3,3,0.928404149,0.928404149,79.00635664,43.91100703,35.0284376,,
173,173,Minneapolis_11072017_Mayor.csv,0,1,E,18,3,,0.586470053,52.44314645,47.78187389,45.01077225,42.22243501,42.08550773
174,174,Minneapolis_11072017_PRBoardDistrict1.csv,0,1,B,3,3,0.877442024,0.877442024,74.95432186,73.20449754,55.55867885,,
175,175,Minneapolis_11072017_PRBoardDistrict2.csv,0,1,B,2,3,1,1,78.91654466,72.4180651,,,
176,176,Minneapolis_11072017_PRBoardDistrict3.csv,0,1,B,3,3,0.932816892,0.932816892,70.26119147,66.07938575,41.29704531,,
177,177,Minneapolis_11072017_PRBoardDistrict4.csv,0,1,B,2,3,1,1,73.5716946,71.37430168,,,
178,178,Minneapolis_11072017_PRBoardDistrict5.csv,0,1,B,3,3,0.885457921,0.885457921,81.5779703,62.13490099,54.16460396,,
179,179,Minneapolis_11072017_PRBoardDistrict6.csv,0,1,B,4,3,0.821720978,0.867320935,65.96540693,62.82058233,35.82931193,19.05329935,
180,180,Minneapolis_11072017_Ward1CityCouncil.csv,0,1,R,3,3,0.891907382,0.835969739,82.0609812,76.89133425,50.77945896,,
181,181,Minneapolis_11072017_Ward2CityCouncil.csv,0,1,R,1,3,1,,100,,,,
182,182,Minneapolis_11072017_Ward3CityCouncil.csv,0,1,R,4,3,0.669104587,0.746421482,72.32264131,57.42346672,54.46661791,47.84244071,
183,183,Minneapolis_11072017_Ward4CityCouncil.csv,0,1,R,4,3,0.802548982,0.722084839,69.4502568,66.44474035,58.87388244,21.70439414,
184,184,Minneapolis_11072017_Ward5CityCouncil.csv,0,1,R,4,3,0.749109052,0.660489427,74.74459492,67.07056308,51.60370634,31.62271323,
185,185,Minneapolis_11072017_Ward6CityCouncil.csv,0,1,R,4,3,0.979348579,0.943728344,68.12196812,59.47331947,14.10949411,0.152460152,
186,186,Minneapolis_11072017_Ward7CityCouncil.csv,0,1,R,4,3,0.834617926,0.689715922,79.71812376,65.58026866,50.62761506,16.14181898,
187,187,Minneapolis_11072017_Ward8CityCouncil.csv,0,1,R,4,3,0.896525488,0.724194776,90.02028912,54.97083439,54.65381689,14.21506467,
188,188,Minneapolis_11072017_Ward9CityCouncil.csv,0,1,R,4,3,0.791432202,0.688509711,72.78998003,69.06879651,66.23706662,10.03811944,
189,189,Minneapolis_11072017_Ward10CityCouncil.csv,0,1,R,4,3,0.829091389,0.802057233,83.14651193,64.30172755,59.76526441,11.71040485,
190,190,Minneapolis_11072017_Ward11CityCouncil.csv,0,1,R,3,3,0.814867528,0.814867528,79.13291001,76.49441647,72.60783884,,
191,191,Minneapolis_11072017_Ward12CityCouncil.csv,0,1,R,3,3,0.953829494,0.85499114,94.41819256,37.32033865,32.42764324,,
192,192,Minneapolis_11072017_Ward13CityCouncil.csv,0,1,R,2,3,1,1,88.51033626,35.79096797,,,
193,193,Minnetonka_11022021_CityCouncilAtLargeSeatA.csv,0,1,R,5,3,0.789468805,0.694168907,69.16658941,38.97283767,36.6274219,35.41299713,31.03735978
194,194,Minnetonka_11022021_CityCouncilAtLargeSeatB.csv,0,1,R,5,3,0.781483668,0.819657615,55.51948052,41.61747344,39.07910272,39.06926407,36.9244392
195,195,Minnetonka_11022021_Mayor.csv,0,1,E,2,3,1,1,73.07971672,50.69911022,,,
196,196,NewYorkCity_06222021_CONCouncilMember19thCouncilDistrict.csv,,1,R,2,3,1,1,94.95798319,40.33613445,,,
197,197,NewYorkCity_06222021_DEMBoroughPresidentBronx.csv,DP,1,E,5,5,0.572770415,0.594135833,71.65291535,66.680779,55.9458874,50.66853081,38.12988599
198,198,NewYorkCity_06222021_DEMBoroughPresidentKings.csv,DP,1,E,12,5,,0.482624229,46.12336141,46.0476944,37.92230138,25.96242217,25.73300256
199,199,NewYorkCity_06222021_DEMBoroughPresidentNewYork.csv,DP,1,E,7,5,0.522221848,0.588079325,59.02047104,52.05678356,37.9446474,37.3731082,36.49475598
200,200,NewYorkCity_06222021_DEMBoroughPresidentQueens.csv,DP,1,E,3,4,0.870628046,0.870628046,72.69730106,71.62888561,53.71820863,,
201,201,NewYorkCity_06222021_DEMBoroughPresidentRichmond.csv,DP,1,E,5,5,0.558555052,0.575502406,76.16756298,59.25559015,50.29719785,45.97367676,43.92867252
202,202,NewYorkCity_06222021_DEMComptrollerCitywide.csv,DP,1,O,10,5,,0.507020719,52.66598509,49.16379989,35.26949982,29.15555648,24.8702468
203,203,NewYorkCity_06222021_DEMCouncilMember1stCouncilDistrict.csv,DP,1,R,9,5,,0.436833188,60.06685288,50.05265809,46.4398553,36.92018865,29.19547598
204,204,NewYorkCity_06222021_DEMCouncilMember2ndCouncilDistrict.csv,DP,1,R,2,3,1,1,84.72621122,52.40359716,,,
205,205,NewYorkCity_06222021_DEMCouncilMember3rdCouncilDistrict.csv,DP,1,R,6,5,0.570301266,0.590081717,70.05927121,43.56609266,42.91025146,36.97611616,32.69736611
206,206,NewYorkCity_06222021_DEMCouncilMember5thCouncilDistrict.csv,DP,1,R,7,5,0.489514066,0.534762935,62.74247492,57.53295298,45.63446783,40.80661027,37.57229982
207,207,NewYorkCity_06222021_DEMCouncilMember6thCouncilDistrict.csv,DP,1,R,6,5,0.599477171,0.602801959,78.35334129,44.275526,39.57006167,37.46351615,30.40785767
208,208,NewYorkCity_06222021_DEMCouncilMember7thCouncilDistrict.csv,DP,1,R,12,5,,0.415438959,53.08434565,39.13586629,34.92289136,33.72103041,31.00284311
209,209,NewYorkCity_06222021_DEMCouncilMember8thCouncilDistrict.csv,DP,1,R,4,5,0.73032843,0.705952788,82.15874102,63.02600068,47.58809442,42.10571331,
210,210,NewYorkCity_06222021_DEMCouncilMember9thCouncilDistrict.csv,DP,1,R,13,5,,0.326570349,41.47357763,40.65189454,40.40655789,29.58448538,27.26741696
211,211,NewYorkCity_06222021_DEMCouncilMember10thCouncilDistrict.csv,DP,1,R,8,5,,0.547625121,71.36880771,60.62445794,52.47181266,25.08545482,23.40186725
212,212,NewYorkCity_06222021_DEMCouncilMember11thCouncilDistrict.csv,DP,1,R,7,5,0.47420926,0.520157268,70.28930227,55.54251511,52.40302799,42.79678423,36.08356317
213,213,NewYorkCity_06222021_DEMCouncilMember12thCouncilDistrict.csv,DP,1,R,3,4,0.811544894,0.811544894,81.44859005,69.22322819,65.04815178,,
214,214,NewYorkCity_06222021_DEMCouncilMember13thCouncilDistrict.csv,DP,1,R,5,5,0.631261921,0.623431382,80.01204698,59.27115751,44.06184118,43.0177693,41.66248369
215,215,NewYorkCity_06222021_DEMCouncilMember14thCouncilDistrict.csv,DP,1,R,6,5,0.509845437,0.543298751,68.36756299,56.68007622,53.18653398,49.73533771,40.90620368
216,216,NewYorkCity_06222021_DEMCouncilMember15thCouncilDistrict.csv,DP,1,R,8,5,,0.492656876,66.56147591,51.30477,48.58599345,40.72096128,32.72241777
217,217,NewYorkCity_06222021_DEMCouncilMember16thCouncilDistrict.csv,DP,1,R,4,5,0.7149916,0.723589287,76.08459334,59.62051586,58.73109991,48.2261093,
218,218,NewYorkCity_06222021_DEMCouncilMember17thCouncilDistrict.csv,DP,1,R,2,3,1,1,82.01064066,67.76767901,,,
219,219,NewYorkCity_06222021_DEMCouncilMember18thCouncilDistrict.csv,DP,1,R,8,5,,0.42242178,62.51870857,60.73693963,45.97676573,40.06841993,30.06200556
220,220,NewYorkCity_06222021_DEMCouncilMember19thCouncilDistrict.csv,DP,1,R,6,5,0.578955418,0.656113788,66.89607708,58.2855395,52.25969259,38.57918483,24.7533838
221,221,NewYorkCity_06222021_DEMCouncilMember20thCouncilDistrict.csv,DP,1,R,8,5,,0.519071778,56.95227358,51.06163097,42.56858324,37.9462608,34.93987223
222,222,NewYorkCity_06222021_DEMCouncilMember21stCouncilDistrict.csv,DP,1,R,5,5,0.657259833,0.609884486,76.57552274,54.37929522,49.84646878,40.9855242,38.06112005
223,223,NewYorkCity_06222021_DEMCouncilMember22ndCouncilDistrict.csv,DP,1,R,6,5,0.595776122,0.536789607,74.85992242,68.45021858,40.28077089,39.33871067,29.21618127
224,224,NewYorkCity_06222021_DEMCouncilMember23rdCouncilDistrict.csv,DP,1,R,7,5,0.517057827,0.547483668,61.12388096,51.3972901,42.87442536,41.69489475,35.86982821
225,225,NewYorkCity_06222021_DEMCouncilMember24thCouncilDistrict.csv,DP,1,R,4,5,0.715095465,0.687649165,78.41587112,47.89677804,43.57100239,43.15334129,
226,226,NewYorkCity_06222021_DEMCouncilMember25thCouncilDistrict.csv,DP,1,R,8,5,,0.550345012,51.10872915,50.87425471,46.40584176,37.27473705,30.990822
227,227,NewYorkCity_06222021_DEMCouncilMember26thCouncilDistrict.csv,DP,1,R,15,5,,0.315592748,51.41980474,39.24128312,33.05439331,30.39888424,29.82984658
228,228,NewYorkCity_06222021_DEMCouncilMember27thCouncilDistrict.csv,DP,1,R,12,5,,0.323457395,67.91870715,39.57394711,38.65817826,31.64054848,28.51126347
229,229,NewYorkCity_06222021_DEMCouncilMember28thCouncilDistrict.csv,DP,1,R,3,4,0.941679738,0.829316983,77.09254242,59.81748182,57.82831884,,
230,230,NewYorkCity_06222021_DEMCouncilMember29thCouncilDistrict.csv,DP,1,R,9,5,,0.391103847,55.47837254,43.24908061,38.55583445,33.10373008,32.35070924
231,231,NewYorkCity_06222021_DEMCouncilMember30thCouncilDistrict.csv,DP,1,R,2,3,1,1,69.14571816,62.24053406,,,
232,232,NewYorkCity_06222021_DEMCouncilMember31stCouncilDistrict.csv,DP,1,R,3,4,0.903445688,0.845100369,85.96085298,54.83709587,51.56025264,,
233,233,NewYorkCity_06222021_DEMCouncilMember32ndCouncilDistrict.csv,DP,1,R,6,5,0.594168868,0.551315918,61.31493983,61.25623716,37.41316897,36.85549359,35.09441346
234,234,NewYorkCity_06222021_DEMCouncilMember33rdCouncilDistrict.csv,DP,1,R,8,5,,0.595688532,70.99869765,52.4778943,33.44643224,25.2758928,24.68298033
235,235,NewYorkCity_06222021_DEMCouncilMember34thCouncilDistrict.csv,DP,1,R,4,5,0.791887771,0.705763952,90.58249466,40.53064959,37.31625496,33.16864898,
236,236,NewYorkCity_06222021_DEMCouncilMember35thCouncilDistrict.csv,DP,1,R,7,5,0.628401214,0.585266655,71.21784957,62.66827061,46.81216704,29.39794925,23.91590766
237,237,NewYorkCity_06222021_DEMCouncilMember36thCouncilDistrict.csv,DP,1,R,5,5,0.603252452,0.65259852,65.45775254,63.26794011,53.98812597,49.73756668,30.77353295
238,238,NewYorkCity_06222021_DEMCouncilMember37thCouncilDistrict.csv,DP,1,R,6,5,0.595478772,0.558261349,70.52931446,55.69748208,38.42124609,37.81473994,35.44385223
239,239,NewYorkCity_06222021_DEMCouncilMember38thCouncilDistrict.csv,DP,1,R,6,5,0.622801948,0.645587385,64.02212499,48.74927764,43.52348716,41.7898126,41.43482209
240,240,NewYorkCity_06222021_DEMCouncilMember39thCouncilDistrict.csv,DP,1,R,7,5,0.49068168,0.545482279,62.16096289,57.40473681,57.18564535,41.50535249,34.57207832
241,241,NewYorkCity_06222021_DEMCouncilMember40thCouncilDistrict.csv,DP,1,R,11,5,,0.447073029,57.72103215,47.47998748,45.38258575,30.90648898,30.62474845
242,242,NewYorkCity_06222021_DEMCouncilMember41stCouncilDistrict.csv,DP,1,R,2,3,1,1,77.39401415,72.1482828,,,
243,243,NewYorkCity_06222021_DEMCouncilMember42ndCouncilDistrict.csv,DP,1,R,4,5,0.701139127,0.661141687,75.75195188,70.86266479,50.83194676,44.1827723,
244,244,NewYorkCity_06222021_DEMCouncilMember45thCouncilDistrict.csv,DP,1,R,3,4,0.939439543,0.910326933,88.80643487,53.07213285,39.88064349,,
245,245,NewYorkCity_06222021_DEMCouncilMember46thCouncilDistrict.csv,DP,1,R,8,5,,0.538832061,61.15711425,47.25334199,41.92239,37.1326514,30.40536884
246,246,NewYorkCity_06222021_DEMCouncilMember47thCouncilDistrict.csv,DP,1,R,4,5,0.721640489,0.695587135,70.74295687,62.9394166,43.76714036,43.28097731,
247,247,NewYorkCity_06222021_DEMCouncilMember48thCouncilDistrict.csv,DP,1,R,5,5,0.58991085,0.622852794,69.79778213,58.44748858,52.70711024,46.43400739,32.84409654
248,248,NewYorkCity_06222021_DEMCouncilMember49thCouncilDistrict.csv,DP,1,R,9,5,,0.412252619,60.72467986,49.51251455,40.99243306,40.10477299,37.24534342
249,249,NewYorkCity_06222021_DEMMayorCitywide.csv,DP,1,E,13,5,,0.347728012,56.42931351,56.16328536,53.52503174,43.74256694,39.39874674
250,250,NewYorkCity_06222021_DEMPublicAdvocateCitywide.csv,DP,1,O,3,4,0.917117884,0.874147063,85.0891963,51.0221739,39.60914643,,
251,251,NewYorkCity_06222021_REPBoroughPresidentQueens.csv,RP,1,E,2,3,1,1,78.69075787,73.17702732,,,
252,252,NewYorkCity_06222021_REPBoroughPresidentRichmond.csv,RP,1,E,4,5,0.752689817,0.728876651,72.88766509,68.76752843,46.1322727,35.63306308,
253,253,NewYorkCity_06222021_REPCouncilMember15thCouncilDistrict.csv,RP,1,R,2,3,1,1,80.79470199,68.87417219,,,
254,254,NewYorkCity_06222021_REPCouncilMember19thCouncilDistrict.csv,RP,1,R,2,3,1,1,75.88339223,71.64310954,,,
255,255,NewYorkCity_06222021_REPCouncilMember23rdCouncilDistrict.csv,RP,1,R,2,3,1,1,83.30046022,67.38987508,,,
256,256,NewYorkCity_06222021_REPCouncilMember24thCouncilDistrict.csv,RP,1,R,2,3,1,1,79.41176471,71.73913043,,,
257,257,NewYorkCity_06222021_REPCouncilMember32ndCouncilDistrict.csv,RP,1,R,2,3,1,1,89.76405274,49.82650937,,,
258,258,NewYorkCity_06222021_REPCouncilMember50thCouncilDistrict.csv,RP,1,R,5,5,0.676007005,0.7117338,60.58377116,57.27962639,50.9048453,34.20899008,29.27028605
259,259,NewYorkCity_06222021_REPMayorCitywide.csv,RP,1,E,2,3,1,1,86.56744344,63.4359585,,,
260,260,Oakland_11022010_CityAuditor.csv,0,1,O,2,3,1,1,88.30886295,70.33344331,,,
261,261,Oakland_11022010_CityCouncilDistrict2.csv,0,1,E,2,3,1,1,83.26587681,67.87107219,,,
262,262,Oakland_11022010_CityCouncilDistrict4.csv,0,1,R,7,3,0.57883946,0.519906547,67.80145902,55.73833023,35.1499547,33.34763744,23.21079483
263,263,Oakland_11022010_CityCouncilDistrict6.csv,0,1,R,3,3,0.828877836,0.773624495,86.22163506,68.86073982,67.97482126,,
264,264,Oakland_11022010_Mayor.csv,0,1,E,10,3,,0.42566382,62.54699798,58.14464515,54.85353341,38.62690707,14.09772237
265,265,Oakland_11022010_SchoolDirectorDistrict2.csv,0,1,B,1,3,1,,100,,,,
266,266,Oakland_11022010_SchoolDirectorDistrict4.csv,0,1,B,2,3,1,1,87.78771364,67.69141224,,,
267,267,Oakland_11022010_SchoolDirectorDistrict6.csv,0,1,B,1,3,1,,100,,,,
268,268,Oakland_11032020_CityAttorneyOaklandRCV.csv,0,1,O,2,5,1,1,92.84720131,70.68267161,,,
269,269,Oakland_11032020_MemberCityCouncilAtLargeOaklandRCV.csv,0,1,R,3,5,0.856818206,0.856818206,84.34036641,78.69936562,63.57771387,,
270,270,Oakland_11032020_MemberCityCouncilDist1OaklandRCV.csv,0,1,R,3,5,0.809975603,0.795283275,88.18650041,71.26592573,67.22146923,,
271,271,Oakland_11032020_MemberCityCouncilDist3OaklandRCV.csv,0,1,R,6,5,0.500373171,0.397962164,79.02780933,63.3221923,50.34234351,48.62900347,39.27702242
272,272,Oakland_11032020_MemberCityCouncilDist5OaklandRCV.csv,0,1,R,3,5,0.836731246,0.836731246,82.77202073,79.33093039,71.29984231,,
273,273,Oakland_11032020_MemberCityCouncilDist7OaklandRCV.csv,0,1,R,5,5,0.372714773,0.363446555,77.46600805,72.42959719,69.55746805,67.31170749,63.81320976
274,274,Oakland_11032020_SchoolDirectorDist1OaklandRCV.csv,0,1,B,3,5,0.926570385,0.926570385,88.53024767,70.9819616,69.54643002,,
275,275,Oakland_11032020_SchoolDirectorDist3OaklandRCV.csv,0,1,B,5,5,0.508408797,0.478060208,82.71389112,69.1654138,66.26341736,53.90720604,53.80581099
276,276,Oakland_11032020_SchoolDirectorDist5OaklandRCV.csv,0,1,B,4,5,0.585704291,0.605293843,82.74253731,73.60657649,68.55760261,63.16464552,
277,277,Oakland_11032020_SchoolDirectorDist7OaklandRCV.csv,0,1,B,5,5,0.428322725,0.380991241,75.90446657,75.38218813,68.32598879,66.16070943,65.51874218
278,278,Oakland_11042014_CityAuditor.csv,0,1,O,2,3,1,1,89.5464804,62.32521781,,,
279,279,Oakland_11042014_CityCouncilDistrict2.csv,0,1,R,5,3,0.614517318,0.662785556,65.41635962,60.37582903,54.06779661,40.79587325,12.32129698
280,280,Oakland_11042014_CityCouncilDistrict4.csv,0,1,R,3,3,0.920180638,0.900649167,88.08354502,72.38498448,51.73017217,,
281,281,Oakland_11042014_CityCouncilDistrict6.csv,0,1,R,5,3,0.629851547,0.672062243,61.71525666,60.25755679,52.67394026,46.9325702,0.947952066
282,282,Oakland_11042014_Mayor.csv,0,1,E,16,3,,0.554597533,56.39626958,41.845074,35.16139754,33.13879602,32.64805365
283,283,Oakland_11042014_SchoolDirectorDistrict2.csv,0,1,B,2,3,1,1,89.06436742,56.67577258,,,
284,284,Oakland_11042014_SchoolDirectorDistrict4.csv,0,1,B,4,3,0.678810409,0.709789343,70.83643123,67.60842627,56.78438662,31.57372986,
285,285,Oakland_11042014_SchoolDirectorDistrict6.csv,0,1,B,2,3,1,1,81.05688709,70.55539513,,,
286,286,Oakland_11062012_CityAttorney.csv,0,1,O,2,3,1,1,86.39797719,60.37186705,,,
287,287,Oakland_11062012_CityCouncilAtLarge.csv,0,1,R,5,3,0.678283458,0.62986977,68.13036852,53.79398725,52.09199224,31.27944029,19.03366584
288,288,Oakland_11062012_CityCouncilDistrict1.csv,0,1,R,7,3,0.561115382,0.603256692,61.35299462,56.95366553,47.10671605,21.49695996,19.2501223
289,289,Oakland_11062012_CityCouncilDistrict3.csv,0,1,R,6,3,0.532683148,0.532229531,57.46427761,49.2447267,48.88183262,35.49557723,29.06327966
290,290,Oakland_11062012_CityCouncilDistrict5.csv,0,1,R,4,3,0.676801702,0.724758443,68.2918181,62.00691428,48.24040422,38.27674852,
291,291,Oakland_11062012_CityCouncilDistrict7.csv,0,1,R,3,3,0.868008799,0.868008799,81.66788881,68.95540297,57.4895007,,
292,292,Oakland_11062012_SchoolDirectorDistrict1.csv,0,1,B,2,3,1,1,86.78048967,56.95733547,,,
293,293,Oakland_11062012_SchoolDirectorDistrict3.csv,0,1,B,3,3,0.813959132,0.760374703,79.34766782,70.09173421,67.05334175,,
294,294,Oakland_11062012_SchoolDirectorDistrict5.csv,0,1,B,2,3,1,1,78.36534086,70.12833349,,,
295,295,Oakland_11062012_SchoolDirectorDistrict7.csv,0,1,B,2,3,1,1,79.57304013,71.16949879,,,
296,296,Oakland_11062018_CityAuditor.csv,0,1,O,2,3,1,1,85.76339541,58.62656537,,,
297,297,Oakland_11062018_CityCouncilDistrict2.csv,0,1,R,3,3,0.931546627,0.931546627,80.95872804,74.44661303,52.14452325,,
298,298,Oakland_11062018_CityCouncilDistrict4.csv,0,1,R,7,3,0.600102873,0.541742502,64.66724697,63.25868481,54.80335523,22.25607344,15.53770673
299,299,Oakland_11062018_CityCouncilDistrict6.csv,0,1,R,5,3,0.573192535,0.652084032,64.88993184,53.71549894,48.22885239,39.08816628,36.36719187
300,300,Oakland_11062018_Mayor.csv,0,1,E,10,3,,0.634331405,70.32668162,56.66585012,54.5145628,13.1376133,10.3155012
301,301,Oakland_11062018_SchoolDirectorDistrict2.csv,0,1,B,1,3,1,,100,,,,
302,302,Oakland_11062018_SchoolDirectorDistrict4.csv,0,1,B,2,3,1,1,74.66347713,66.58692832,,,
303,303,Oakland_11062018_SchoolDirectorDistrict6.csv,0,1,B,2,3,1,1,98.83073889,1.817285342,,,
304,304,Oakland_11082016_CityAttorney.csv,0,1,O,1,3,1,,100,,,,
305,305,Oakland_11082016_CityCouncilDistrict1.csv,0,1,R,2,3,1,1,89.63127699,45.89698962,,,
306,306,Oakland_11082016_CityCouncilDistrict3.csv,0,1,R,2,3,1,1,75.50599459,74.61647544,,,
307,307,Oakland_11082016_CityCouncilDistrict5.csv,0,1,R,2,3,1,1,79.30513595,67.52985182,,,
308,308,Oakland_11082016_CityCouncilDistrict7.csv,0,1,R,3,3,0.837565063,0.837565063,82.65202488,67.68439761,63.13952012,,
309,309,Oakland_11082016_CouncilAtLrg.csv,0,1,R,5,3,0.675586992,0.603578922,78.16159943,57.92337818,56.54548058,22.50213253,20.24444763
310,310,Oakland_11082016_SchoolDirectorDistrict1.csv,0,1,B,2,3,1,1,84.3668758,51.66210267,,,
311,311,Oakland_11082016_SchoolDirectorDistrict3.csv,0,1,B,5,3,0.726066562,0.674603529,69.31427295,68.78713424,64.20370784,22.56868439,0.236765691
312,312,Oakland_11082016_SchoolDirectorDistrict5.csv,0,1,B,4,3,0.777935996,0.760173874,67.87828824,65.48752155,42.14194709,36.65592445,
313,313,Oakland_11082016_SchoolDirectorDistrict7.csv,0,1,B,2,3,1,1,83.35563286,66.53732941,,,
314,314,Oakland_11082022_CityAuditor.csv,0,1,O,1,5,1,,100,,,,
315,315,Oakland_11082022_CityCouncilmemberDistrict4.csv,0,1,R,2,5,1,1,85.1938599,65.89074661,,,
316,316,Oakland_11082022_CityCouncilmemberDistrict6.csv,0,1,R,4,5,0.640639762,0.58320961,90.2753408,56.28964773,51.8288568,51.78161695,
317,317,Oakland_11082022_Mayor.csv,0,1,E,10,5,,0.396100536,63.55404685,63.09699269,44.79993101,40.61510239,39.52068111
318,318,Oakland_11082022_Schoolboarddistrict2.csv,0,1,B,3,5,0.95417522,0.95417522,84.48447123,70.29335806,60.10860208,,
319,319,Oakland_11082022_Schoolboarddistrict4.csv,0,1,B,3,5,0.798392574,0.798392574,72.56433477,71.56441023,69.97207758,,
320,320,Oakland_11082022_Schoolboarddistrict6.csv,0,1,B,3,5,0.899346405,0.899346405,81.48606811,74.39284486,63.1372549,,
321,321,Payson_11052019_CityCouncil.csv,1,1,R,5,5,0.288008965,0.289503175,92.08068734,90.21292492,87.22450504,82.06948076,78.7075084
322,322,PierceCounty_11032009_CountyAuditor.csv,1,1,O,3,3,0.933534428,0.859795511,82.75551377,79.54518745,56.20323579,,
323,323,PierceCounty_11042008_CountyAssessorTreasurer.csv,1,1,O,6,3,0.581903336,0.632458781,46.35598918,43.59671775,42.86554712,41.66144584,30.89444249
324,324,PierceCounty_11042008_CountyCouncilDistrict2.csv,1,1,R,3,3,0.875365872,0.875365872,75.67357967,65.83944162,59.88542266,,
325,325,PierceCounty_11042008_CountyExecutiveMember.csv,1,1,E,4,3,0.704945053,0.765856366,58.19556212,57.85722166,53.57948828,50.13523589,
326,326,Portland_06082021_charter_commission_at_large.csv,0,1,B,11,1,,0.251224234,60.66507232,59.7767908,59.40097939,52.01002164,49.6298827
327,327,Portland_06142022_SchoolboardAL-1.csv,0,1,B,7,7,0.605212897,0.493315358,75.59824739,72.93562521,47.89349511,42.27614875,39.65846534
328,328,Portland_06142022_SchoolboardAL.csv,0,1,B,29,7,,0.597056841,75.52235453,72.84879802,47.85441474,42.26016625,39.6427769
329,329,Portland_06142022_Schoolboarddistrict5-1.csv,0,1,B,6,5,0.744233726,0.799077396,69.297796,45.46386468,44.02870323,41.26089185,37.92926704
330,330,Portland_06142022_Schoolboarddistrict5.csv,0,1,B,14,5,,0.697435897,69.17948718,45.43589744,43.8974359,41.23076923,37.84615385
331,331,Portland_11082022_SchoolBoardDistrict3.csv,0,1,B,3,3,0.937429628,0.937429628,78.07624256,73.94241596,54.83352099,,
332,332,SanFrancisco_06052018_BoardofSupervisorsDistrict8.csv,0,1,B,3,3,0.945604808,0.889376409,86.75882795,76.80841473,42.16979715,,
333,333,SanFrancisco_06052018_Mayor.csv,0,1,E,8,3,,0.623461603,65.88755678,62.63494539,58.21724914,30.63827079,13.96510712
334,334,SanFrancisco_11022004_BoardofSupervisorsDistrict2.csv,0,1,B,5,3,0.663622129,0.682092322,76.82672234,45.89422408,42.69601021,29.67408954,26.82092322
335,335,SanFrancisco_11022004_BoardofSupervisorsDistrict3.csv,0,1,B,4,3,0.69955607,0.59463424,79.65257672,60.07334491,47.85562633,46.34240494,
336,336,SanFrancisco_11022004_BoardofSupervisorsDistrict5.csv,0,1,B,22,3,,0.434390042,46.97655872,39.20077473,35.52935145,22.66085619,16.57694608
337,337,SanFrancisco_11022004_BoardofSupervisorsDistrict7.csv,0,1,B,13,3,,0.510730428,52.69129871,46.79035368,26.34090837,21.95707829,20.98991751
338,338,SanFrancisco_11022004_BoardofSupervisorsDistrict9.csv,0,1,B,6,3,0.679296891,0.662925868,75.82559028,66.7310245,53.36470778,27.85085073,13.11693013
339,339,SanFrancisco_11022004_BoardofSupervisorsDistrict11.csv,0,1,B,8,3,,0.53085088,53.35692095,40.82671729,40.82240249,35.86900242,27.99879185
340,340,SanFrancisco_11022010_BoardofSupervisorsDistrict2.csv,0,1,B,6,3,0.687290208,0.708424848,60.58182421,58.16584476,32.09978865,30.83171025,16.13277527
341,341,SanFrancisco_11022010_BoardofSupervisorsDistrict6.csv,0,1,B,14,3,,0.589721829,56.70438472,48.34040547,35.76143329,17.26544083,13.69165488
342,342,SanFrancisco_11022010_BoardofSupervisorsDistrict8.csv,0,1,B,4,3,0.773243344,0.665112821,71.09560443,66.14522264,63.07375525,20.21048417,
343,343,SanFrancisco_11022010_BoardofSupervisorsDistrict10.csv,0,1,B,21,3,,0.418759724,25.70571238,24.18315181,23.0328962,22.53278506,21.22693932
344,344,SanFrancisco_11032015_BoardofSupervisorsDistrict3.csv,0,1,B,3,3,0.855184387,0.81483477,66.9480364,64.26604406,43.41475096,,
345,345,SanFrancisco_11032015_Mayor.csv,0,1,E,6,3,0.709681324,0.66611405,62.30362359,40.63314123,37.28007158,30.05868267,16.49430278
346,346,SanFrancisco_11032015_Sheriff.csv,0,1,O,3,3,0.948835733,0.948835733,79.64886424,54.45939186,43.40302618,,
347,347,SanFrancisco_11032020_BOARDOFSUPERVISORSDISTRICT1.csv,0,1,B,7,7,0.436603335,0.430897912,75.5109954,75.50545616,65.62621171,51.2518695,45.33318562
348,348,SanFrancisco_11032020_BOARDOFSUPERVISORSDISTRICT3.csv,0,1,B,4,4,0.653344857,0.663993086,88.8781331,80.90579084,65.11322385,59.70613656,
349,349,SanFrancisco_11032020_BOARDOFSUPERVISORSDISTRICT5.csv,0,1,B,4,4,0.573826948,0.561486583,85.16047257,78.57655331,69.79719711,63.15827235,
350,350,SanFrancisco_11032020_BOARDOFSUPERVISORSDISTRICT7.csv,0,1,B,7,7,0.353935579,0.32177577,71.02317435,69.1626266,66.42891591,59.42330634,58.59583217
351,351,SanFrancisco_11032020_BOARDOFSUPERVISORSDISTRICT9.csv,0,1,B,2,3,1,1,99.79846285,0.222032451,,,
352,352,SanFrancisco_11032020_BOARDOFSUPERVISORSDISTRICT11.csv,0,1,B,4,3,0.86804892,0.883941652,88.250844,85.85897191,72.58424103,0.095547487,
353,353,SanFrancisco_11042008_BoardofSupervisorsDistrict1.csv,0,1,B,9,3,,0.62565899,63.60294118,59.82935627,56.38526637,13.67924528,10.69298002
354,354,SanFrancisco_11042008_BoardofSupervisorsDistrict3.csv,0,1,B,9,3,,0.527352618,57.96777737,43.5737825,41.18637862,31.3145368,20.60783596
355,355,SanFrancisco_11042008_BoardofSupervisorsDistrict4.csv,0,1,B,3,3,0.826714679,0.826714679,81.36698713,75.91126813,62.24819105,,
356,356,SanFrancisco_11042008_BoardofSupervisorsDistrict5.csv,0,1,B,3,3,0.913368143,0.834231655,92.76570659,62.16944585,54.94638145,,
357,357,SanFrancisco_11042008_BoardofSupervisorsDistrict7.csv,0,1,B,3,3,0.895594487,0.895594487,91.4530465,56.68878011,53.04006183,,
358,358,SanFrancisco_11042008_BoardofSupervisorsDistrict9.csv,0,1,B,7,3,0.607944083,0.586374056,72.79696366,70.44831085,61.84660479,23.19341626,14.08064334
359,359,SanFrancisco_11042008_BoardofSupervisorsDistrict11.csv,0,1,B,9,3,,0.582071521,51.31282216,47.24548969,45.68701675,40.27464562,31.59632732
360,360,SanFrancisco_11042014_BoardofSupervisorsDistrict10.csv,0,1,B,5,3,0.708902557,0.596309485,68.77306572,52.04273228,40.07122046,29.48527031,25.03075429
361,361,SanFrancisco_11052004_BoardofSupervisorsDistrict1.csv,0,1,B,7,3,0.549935735,0.639837427,60.3362629,56.37266822,48.40031959,28.28707403,26.08469101
362,362,SanFrancisco_11052019_CityAttorney.csv,0,1,O,1,3,1,,100,,,,
363,363,SanFrancisco_11052019_DistrictAttorney.csv,0,1,O,4,4,0.636196335,0.672098012,64.84840652,64.27821862,53.59559565,52.43402518,
364,364,SanFrancisco_11052019_Mayor.csv,0,1,E,7,6,0.644120083,0.683940214,85.58993713,42.6054283,37.98253562,34.48854699,34.3701538
365,365,SanFrancisco_11052019_MemberBoardofSupervisorsDistrict5.csv,0,1,B,4,4,0.800312276,0.765244546,71.50272186,70.87395029,33.74688779,30.2316749,
366,366,SanFrancisco_11052019_PublicDefender.csv,0,1,O,1,3,1,,100,,,,
367,367,SanFrancisco_11052019_Sheriff.csv,0,1,O,1,3,1,,100,,,,
368,368,SanFrancisco_11052019_Treasurer.csv,0,1,O,1,3,1,,100,,,,
369,369,SanFrancisco_11062007_Mayor.csv,0,1,E,12,3,,0.710926541,80.9813365,18.23646879,14.81471245,13.6497122,12.79358213
370,370,SanFrancisco_11062012_BoardofSupervisorsDistrict5.csv,0,1,B,8,3,,0.599841207,50.98678614,42.60193955,42.50269381,40.84103669,39.59054046
371,371,SanFrancisco_11062012_BoardofSupervisorsDistrict7.csv,0,1,B,9,3,,0.55483912,53.18743449,53.04767652,40.27888067,34.62821205,19.75351777
372,372,SanFrancisco_11062018_AssessorRecorder.csv,0,1,O,2,3,1,1,85.46637676,56.51698494,,,
373,373,SanFrancisco_11062018_BoardofSupervisorsDistrict2.csv,0,1,B,4,3,0.717024887,0.669570136,74.85011312,67.61595023,54.45984163,28.07409502,
374,374,SanFrancisco_11062018_BoardofSupervisorsDistrict4.csv,0,1,B,8,3,,0.607669099,58.10763402,48.73701937,36.19842829,27.5715689,21.90920573
375,375,SanFrancisco_11062018_BoardofSupervisorsDistrict6.csv,0,1,B,3,3,0.794535131,0.794535131,85.86467944,70.9171201,67.36850406,,
376,376,SanFrancisco_11062018_BoardofSupervisorsDistrict8.csv,0,1,B,2,3,1,1,96.35861675,31.9989528,,,
377,377,SanFrancisco_11062018_BoardofSupervisorsDistrict10.csv,0,1,B,6,3,0.665677675,0.649552804,68.49415205,54.30426557,48.48211214,30.24595803,17.94375645
378,378,SanFrancisco_11062018_PublicDefender.csv,0,1,O,1,3,1,,100,,,,
379,379,SanFrancisco_11072006_BoardofSupervisorsDistrict2.csv,0,1,B,2,3,1,1,88.7986298,35.63494005,,,
380,380,SanFrancisco_11072006_BoardofSupervisorsDistrict4.csv,0,1,B,6,3,0.58363618,0.710226126,52.95275591,51.79184333,49.08136483,44.99293358,27.08964264
381,381,SanFrancisco_11072006_BoardofSupervisorsDistrict6.csv,0,1,B,8,3,,0.738699069,60.71567917,55.75497464,22.26185831,16.93885514,15.38375787
382,382,SanFrancisco_11072006_BoardofSupervisorsDistrict8.csv,0,1,B,3,3,0.925141109,0.921735566,84.50477722,61.7349352,35.43657175,,
383,383,SanFrancisco_11072006_BoardofSupervisorsDistrict10.csv,0,1,B,7,3,0.618139925,0.702625332,71.74277336,30.57533864,30.53344505,28.13154587,25.08727831
384,384,SanFrancisco_11082005_AssessorRecorder.csv,0,1,O,4,3,0.892297113,0.636539774,81.19302895,70.93723648,65.44091073,0.020077902,
385,385,SanFrancisco_11082005_Treasurer.csv,0,1,O,4,3,0.779603493,0.776600507,78.85387923,55.80001247,40.8247446,30.28143078,
386,386,SanFrancisco_11082011_DistrictAttorney.csv,0,1,O,5,3,0.651418125,0.70158706,61.87193619,61.53297896,45.92353604,41.55354491,14.43370203
387,387,SanFrancisco_11082011_Mayor.csv,0,1,E,16,3,,0.516563195,45.98205804,36.11705924,32.14661675,31.95713237,25.87206466
388,388,SanFrancisco_11082011_Sheriff.csv,0,1,O,4,3,0.756637844,0.751343925,62.85806191,59.18830213,58.64637059,23.0838849,
389,389,SanFrancisco_11082016_BoardofSupervisorsDistrict1.csv,0,1,B,10,3,,0.637430396,66.11193255,62.37770158,43.00500204,13.34507818,12.03322113
390,390,SanFrancisco_11082016_BoardofSupervisorsDistrict3.csv,0,1,B,2,3,1,1,84.45269434,55.93055087,,,
391,391,SanFrancisco_11082016_BoardofSupervisorsDistrict5.csv,0,1,B,2,3,1,1,74.67638527,71.47558568,,,
392,392,SanFrancisco_11082016_BoardofSupervisorsDistrict7.csv,0,1,B,5,3,0.558771111,0.636566805,60.16860449,52.40317972,51.18956689,44.13986251,31.22294832
393,393,SanFrancisco_11082016_BoardofSupervisorsDistrict9.csv,0,1,B,4,3,0.80991221,0.810939543,82.41080879,64.99906606,60.5410622,20.07035676,
394,394,SanFrancisco_11082016_BoardofSupervisorsDistrict11.csv,0,1,B,5,3,0.582489203,0.527640361,59.74087161,57.75029446,44.22065175,41.82175108,35.90498626
395,395,SanFrancisco_11082022_AssessorRecorder.csv,0,1,O,1,3,1,,100,,,,
396,396,SanFrancisco_11082022_BoardofSupervisorsD2.csv,0,1,B,1,3,1,,100,,,,
397,397,SanFrancisco_11082022_BoardofSupervisorsD4.csv,0,1,B,2,3,1,1,70.12391345,69.28796005,,,
398,398,SanFrancisco_11082022_BoardofSupervisorsD6.csv,0,1,B,4,4,0.714662253,0.660966041,80.10297904,75.80605615,48.55338973,42.94471006,
399,399,SanFrancisco_11082022_BoardofSupervisorsD8.csv,0,1,B,2,3,1,1,89.64717856,50.31098044,,,
400,400,SanFrancisco_11082022_BoardofSupervisorsD10.csv,0,1,B,2,3,1,1,87.73024361,59.81580511,,,
401,401,SanFrancisco_11082022_DistrictAttorney.csv,0,1,O,4,4,0.683662433,0.69255338,73.22479482,68.39337194,58.12827126,43.64159863,
402,402,SanFrancisco_11082022_PublicDefender.csv,0,1,O,2,3,1,1,88.99141135,56.62320776,,,
403,403,SanLeandro_11022010_CountyCouncilDistrict1.csv,0,1,R,3,3,0.997994887,0.99654118,84.08942804,72.27931225,0.756930172,,
404,404,SanLeandro_11022010_CountyCouncilDistrict3.csv,0,1,R,1,3,1,,100,,,,
405,405,SanLeandro_11022010_CountyCouncilDistrict5.csv,0,1,R,2,3,1,1,78.78442074,77.54899529,,,
406,406,SanLeandro_11022010_Mayor.csv,0,1,E,6,3,0.637213859,0.406252783,64.9772869,62.09138684,61.1071524,29.60719694,17.0570945
407,407,SanLeandro_11032020_MemberCityCouncilDist2SanLeandroRCV.csv,0,1,R,2,5,1,1,83.83908848,81.28415301,,,
408,408,SanLeandro_11032020_MemberCityCouncilDist4SanLeandroRCV.csv,0,1,R,2,5,1,1,89.23659923,73.40932706,,,
409,409,SanLeandro_11032020_MemberCityCouncilDist6SanLeandroRCV.csv,0,1,R,1,5,1,,100,,,,
410,410,SanLeandro_11042014_CountyCouncilDistrict1.csv,0,1,R,4,3,0.673852708,0.642354612,74.74343252,59.96901827,57.43884335,39.8373459,
411,411,SanLeandro_11042014_CountyCouncilDistrict3.csv,0,1,R,3,3,0.886009998,0.886009998,84.13715412,77.3639372,66.11279307,,
412,412,SanLeandro_11042014_CountyCouncilDistrict5.csv,0,1,R,3,3,0.832981835,0.765290156,84.61119804,72.66480713,72.26341928,,
413,413,SanLeandro_11042014_Mayor.csv,0,1,E,4,3,0.902452551,0.918474242,82.56716786,76.05989648,62.67562238,1.435789993,
414,414,SanLeandro_11062012_CountyCouncilDistrict2.csv,0,1,R,3,3,0.876494967,0.876494967,82.69982238,80.66706138,70.86244326,,
415,415,SanLeandro_11062012_CountyCouncilDistrict4.csv,0,1,R,4,3,0.625632159,0.592176356,72.00345796,62.93062459,61.22325481,40.48411498,
416,416,SanLeandro_11062012_CountyCouncilDistrict6.csv,0,1,R,2,3,1,1,84.96832079,78.07968703,,,
417,417,SanLeandro_11062018_CountyCouncilDistrict1.csv,0,1,R,3,3,0.88909865,0.703044666,87.7530527,69.52924165,67.71770566,,
418,418,SanLeandro_11062018_CountyCouncilDistrict3.csv,0,1,R,2,3,1,1,81.36197637,78.76262084,,,
419,419,SanLeandro_11062018_CountyCouncilDistrict5.csv,0,1,R,2,3,1,1,87.97802481,68.60380274,,,
420,420,SanLeandro_11062018_Mayor.csv,0,1,E,4,3,0.731112916,0.672430467,76.92158911,65.51390662,50.89938494,36.07210553,
421,421,SanLeandro_11082016_CountyCouncilDistrict2.csv,0,1,R,2,3,1,1,77.28638742,77.09716915,,,
422,422,SanLeandro_11082016_CountyCouncilDistrict4.csv,0,1,R,1,3,1,,100,,,,
423,423,SanLeandro_11082016_CountyCouncilDistrict6.csv,0,1,R,1,3,1,,100,,,,
424,424,SantaFe_03062018_CityCouncilDistrict2.csv,0,1,R,3,3,0.909076382,0.846436561,90.28443592,84.93128795,75.3275807,,
425,425,SantaFe_03062018_CityCouncilDistrict4.csv,0,1,R,3,3,0.79033245,0.68325515,85.49867428,82.09259637,80.46094228,,
426,426,SantaFe_03062018_Mayor.csv,0,1,E,5,5,0.371428571,0.280329857,85.44263886,81.11084162,77.39510065,75.54208101,75.31409168
427,427,Springville_11022021_CityCouncil2yr.csv,0,1,R,3,3,0.882741536,0.882741536,90.8835673,88.70355078,78.03468208,,
428,428,Springville_11022021_Mayor.csv,0,1,E,3,3,0.892647059,0.709803922,96.0130719,75.98039216,75.37581699,,
429,429,StLouisPark_11022021_CityCouncilWard1.csv,0,1,R,1,3,1,,100,,,,
430,430,StLouisPark_11022021_CityCouncilWard2.csv,0,1,R,2,3,1,1,65.11479592,38.90306122,,,
431,431,StLouisPark_11022021_CityCouncilWard3.csv,0,1,R,3,3,0.886651752,0.886651752,80.61148397,78.52348993,65.62266965,,
432,432,StLouisPark_11022021_CityCouncilWard4.csv,0,1,R,1,3,1,,100,,,,
433,433,TakomaPark_11082022_CityCouncilWard1.csv,0,1,R,3,4,0.886681383,0.754966887,84.91537896,68.9477557,62.61957322,,
434,434,TakomaPark_11082022_CityCouncilWard2.csv,0,1,R,1,2,1,,100,,,,
435,435,TakomaPark_11082022_CityCouncilWard3.csv,0,1,R,5,4,0.782069971,0.629008746,82.58017493,78.35276968,70.69970845,0.072886297,0.072886297
436,436,TakomaPark_11082022_CityCouncilWard4.csv,0,1,R,1,2,1,,100,,,,
437,437,TakomaPark_11082022_CityCouncilWard5.csv,0,1,R,3,4,0.86036961,0.800821355,82.34086242,73.30595483,67.96714579,,
438,438,TakomaPark_11082022_CityCouncilWard6.csv,0,1,R,7,5,0.655384615,0.564615385,78.92307692,78.30769231,58.76923077,52.61538462,0.307692308
439,439,TakomaPark_11082022_Mayor.csv,0,1,E,6,4,0.853111306,0.576511832,85.2936021,79.19368975,68.9745837,0.052585451,0.052585451
440,440,Vineyard_11022021_Mayor.csv,0,1,E,3,3,0.949251789,0.793754066,98.37345478,79.63565387,76.31750163,,
441,441,Vineyard_11052019_CityCouncil.csv,0,1,R,7,7,0.200183655,0.168044077,90.35812672,88.42975207,80.99173554,77.22681359,72.81910009
442,442,WoodlandHills_11022021_Mayor.csv,0,1,E,3,3,0.832061069,0.832061069,85.03816794,81.3740458,74.04580153,,
443,443,Wyoming_04172020_PRESIDENTOFTHEUNITEDSTATES.csv,,3,E,9,5,,0.633099597,89.11180366,61.33619011,32.2425659,25.01623166,24.76951045