filename,partisan,level,type,candidates,choices,gamma bf,gamma mds,#1 candidate,#2 candidate,#3 candidate,#4 candidate,#5 candidate,bimodality,Ashman_D,Sarle_coefficient,Hartigan_Dip,Amplitude_Ratio,Mode_Distance
Maine_06122018_DemocraticPrimaryforCD2.csv,DP,FEDERAL,R,4,5,0.694512424,0.676191106,81.94104548,79.38796658,57.80364663,41.8325727,,0.548796721,5.262149731,0.548796721,0.999952759,0.347245868,0.741741742
Maine_07142020_RepublicanCandidateforUSHouseofRepresentativesDistrict2.csv,RP,FEDERAL,R,3,3,0.848793606,0.848793606,80.46096739,70.9158744,66.50695049,,,0.468700872,3.327861146,0.468700872,0.999969298,0.584697793,0.636636637
Albany_11082022_BoardofEducation.csv,NO,LOCAL,B,5,5,0.62540366,0.64262648,87.80562817,84.99154237,79.97847147,56.6815316,1.968322313,0.578185495,1.77783268,0.522027798,0.999634903,0.541123546,0.308308308
Minneapolis_11022021_ParkBoardAtLarge.csv,NO,LOCAL,B,7,3,0.596266913,0.547817812,50.34296913,38.59344967,35.05069159,34.39019334,25.04993781,0.48218847,2.798425598,0.486148037,0.99998077,0.645751484,0.570570571
Minneapolis_11022021_ParkBoardDistrict2.csv,NO,LOCAL,B,3,3,0.829797134,0.806625721,67.43904709,64.4332775,62.81407035,,,0.641805124,2.773814432,0.641805124,0.99985172,0.657586254,0.328328328
Minneapolis_11022021_ParkBoardDistrict3.csv,NO,LOCAL,B,3,3,0.903329824,0.903329824,72.38088971,44.30771256,40.2276915,,,0.780988993,3.342078517,0.780988993,0.999920767,0.306382835,0.966966967
Minneapolis_11022021_ParkBoardDistrict4.csv,NO,LOCAL,B,2,3,1,1,74.77126222,56.59180703,,,,0.904336453,,,,,
Minneapolis_11022021_ParkBoardDistrict5.csv,NO,LOCAL,B,3,3,0.917492352,0.868590475,78.2384366,54.59568056,36.30884435,,,0.689333127,4.389404998,0.689333127,0.999932578,0.584850599,0.39039039
Minneapolis_11022021_ParkBoardDistrict6.csv,NO,LOCAL,B,4,3,0.750388294,0.740292651,57.66369656,54.08321753,45.28733753,44.93174201,,0.594368113,2.364991995,0.594368113,0.999934858,0.954205108,0.297297297
Minneapolis_11052013_PRBoardDistrict2.csv,NO,LOCAL,B,2,3,1,1,85.1445663,59.75407112,,,,0.858325065,3.183996167,0.889583162,0.999770537,0.860732359,0.245245245
Minneapolis_11052013_PRBoardDistrict6.csv,NO,LOCAL,B,2,3,1,1,82.65090139,63.3676374,,,,0.881611157,,,,,
Minneapolis_11062009_PRBoardDistrict1.csv,NO,LOCAL,B,3,3,0.937403267,0.903009458,85.03869304,39.6044712,31.88306105,,,0.840132145,2.0012419,0.798812455,0.999797242,0.217625315,0.322322322
Minneapolis_11062009_PRBoardDistrict2.csv,NO,LOCAL,B,2,3,1,1,73.23332017,61.64626925,,,,0.895182525,3.191587488,0.895182525,0.999757869,0.624791941,0.238238238
Minneapolis_11062009_PRBoardDistrict3.csv,NO,LOCAL,B,2,3,1,1,83.60655738,42.26101767,,,,0.9477802,4.69383611,0.9477802,0.999747411,0.625413076,0.245245245
Minneapolis_11062009_PRBoardDistrict5.csv,NO,LOCAL,B,5,3,0.762794268,0.830348004,61.82190379,55.4247697,46.43039918,15.77533265,8.303480041,0.442051125,2.491956444,0.43482826,0.999800876,0.377546685,0.916916917
Minneapolis_11062009_PRBoardDistrict6.csv,NO,LOCAL,B,4,3,0.851339983,0.844610023,63.9706766,63.38180507,31.21019108,15.97163802,,0.166514855,4.29732758,0.166514855,0.999810175,0.033476635,0.960960961
Minneapolis_11072017_PRBoardDistrict1.csv,NO,LOCAL,B,3,3,0.877442024,0.877442024,74.95432186,73.20449754,55.55867885,,,0.597423978,2.194140541,0.597423978,0.99988927,0.849010213,0.298298298
Minneapolis_11072017_PRBoardDistrict2.csv,NO,LOCAL,B,2,3,1,1,78.91654466,72.4180651,,,,0.842875292,2.55012619,0.855859059,0.999839589,0.978783994,0.248248248
Minneapolis_11072017_PRBoardDistrict3.csv,NO,LOCAL,B,3,3,0.932816892,0.932816892,70.26119147,66.07938575,41.29704531,,,0.477572371,4.428113258,0.477572371,0.999909016,0.12997043,0.808808809
Minneapolis_11072017_PRBoardDistrict4.csv,NO,LOCAL,B,2,3,1,1,73.5716946,71.37430168,,,,0.858862292,,,,,
Minneapolis_11072017_PRBoardDistrict5.csv,NO,LOCAL,B,3,3,0.885457921,0.885457921,81.5779703,62.13490099,54.16460396,,,0.321602574,3.79584059,0.321602574,0.999911103,0.21999265,0.630630631
Minneapolis_11072017_PRBoardDistrict6.csv,NO,LOCAL,B,4,3,0.821720978,0.867320935,65.96540693,62.82058233,35.82931193,19.05329935,,0.453954328,4.786279726,0.416959344,0.999912945,0.140170335,0.87987988
Oakland_11022010_SchoolDirectorDistrict4.csv,NO,LOCAL,B,2,3,1,1,87.78771364,67.69141224,,,,0.811283748,,,,,
Oakland_11032020_SchoolDirectorDist1OaklandRCV.csv,NO,LOCAL,B,3,5,0.926570385,0.926570385,88.53024767,70.9819616,69.54643002,,,0.495625684,2.582520404,0.434495534,0.999947622,0.286710625,0.25025025
Oakland_11032020_SchoolDirectorDist3OaklandRCV.csv,NO,LOCAL,B,5,5,0.508408797,0.478060208,82.71389112,69.1654138,66.26341736,53.90720604,53.80581099,0.592656194,2.999445659,0.653696084,0.999897151,0.536025203,1.66966967
Oakland_11032020_SchoolDirectorDist5OaklandRCV.csv,NO,LOCAL,B,4,5,0.585704291,0.605293843,82.74253731,73.60657649,68.55760261,63.16464552,,0.50695825,4.251131146,0.488940018,0.999864865,0.854602342,0.456456456
Oakland_11032020_SchoolDirectorDist7OaklandRCV.csv,NO,LOCAL,B,5,5,0.428322725,0.380991241,75.90446657,75.38218813,68.32598879,66.16070943,65.51874218,0.713971263,3.575929176,0.697621408,0.999841043,0.610390309,0.884884885
Oakland_11042014_SchoolDirectorDistrict2.csv,NO,LOCAL,B,2,3,1,1,89.06436742,56.67577258,,,,0.919683909,3.70032799,0.919683909,0.99987308,,
Oakland_11042014_SchoolDirectorDistrict4.csv,NO,LOCAL,B,4,3,0.678810409,0.709789343,70.83643123,67.60842627,56.78438662,31.57372986,,0.619158565,2.034105236,0.619158565,0.999881292,0.803079289,0.54954955
Oakland_11042014_SchoolDirectorDistrict6.csv,NO,LOCAL,B,2,3,1,1,81.05688709,70.55539513,,,,0.852013694,2.56823308,0.852013694,0.99986426,0.841961042,0.248248248
Oakland_11062012_SchoolDirectorDistrict1.csv,NO,LOCAL,B,2,3,1,1,86.78048967,56.95733547,,,,0.929048396,,,,,
Oakland_11062012_SchoolDirectorDistrict3.csv,NO,LOCAL,B,3,3,0.813959132,0.760374703,79.34766782,70.09173421,67.05334175,,,0.625446589,2.735469552,0.616421037,0.999908809,0.736832532,0.356356356
Oakland_11062012_SchoolDirectorDistrict5.csv,NO,LOCAL,B,2,3,1,1,78.36534086,70.12833349,,,,0.853576222,2.541722203,0.853576222,0.999878758,0.918491978,0.248248248
Oakland_11062012_SchoolDirectorDistrict7.csv,NO,LOCAL,B,2,3,1,1,79.57304013,71.16949879,,,,0.854194348,,,,,
Oakland_11062018_SchoolDirectorDistrict4.csv,NO,LOCAL,B,2,3,1,1,74.66347713,66.58692832,,,,0.866366335,,,,,
Oakland_11062018_SchoolDirectorDistrict6.csv,NO,LOCAL,B,2,3,1,1,98.83073889,1.817285342,,,,0.989539478,,,,,
Oakland_11082016_SchoolDirectorDistrict1.csv,NO,LOCAL,B,2,3,1,1,84.3668758,51.66210267,,,,0.945827137,,,,,
Oakland_11082016_SchoolDirectorDistrict3.csv,NO,LOCAL,B,5,3,0.726066562,0.674603529,69.31427295,68.78713424,64.20370784,22.56868439,0.236765691,0.145921211,3.894013549,0.145921211,0.999907193,0.448094189,0.428428428
Oakland_11082016_SchoolDirectorDistrict5.csv,NO,LOCAL,B,4,3,0.777935996,0.760173874,67.87828824,65.48752155,42.14194709,36.65592445,,0.354408117,3.035842492,0.354408117,0.999858697,0.650913387,0.324324324
Oakland_11082016_SchoolDirectorDistrict7.csv,NO,LOCAL,B,2,3,1,1,83.35563286,66.53732941,,,,0.837518986,,,,,
Oakland_11082022_Schoolboarddistrict2.csv,NO,LOCAL,B,3,5,0.95417522,0.95417522,84.48447123,70.29335806,60.10860208,,,0.431415417,2.558544078,0.429487822,0.999895376,0.903850063,0.332332332
Oakland_11082022_Schoolboarddistrict4.csv,NO,LOCAL,B,3,5,0.798392574,0.798392574,72.56433477,71.56441023,69.97207758,,,0.673178473,3.130848757,0.673178473,0.999934288,0.859844723,0.674674675
Oakland_11082022_Schoolboarddistrict6.csv,NO,LOCAL,B,3,5,0.899346405,0.899346405,81.48606811,74.39284486,63.1372549,,,0.370221569,3.733351268,0.370221569,0.999874922,0.97625185,0.35035035
Portland_06082021_charter_commission_at_large.csv,NO,LOCAL,B,11,1,,0.251224234,60.66507232,59.7767908,59.40097939,52.01002164,49.6298827,0.634732746,4.128600958,0.655772911,0.999257058,0.976275568,2.462462462
Portland_06142022_SchoolboardAL-1.csv,NO,LOCAL,B,7,7,0.605212897,0.493315358,75.59824739,72.93562521,47.89349511,42.27614875,39.65846534,0.207004276,4.513287987,0.719393455,0.999692497,0.300553253,3.015015015
Portland_06142022_SchoolboardAL.csv,NO,LOCAL,B,29,7,,0.597056841,75.52235453,72.84879802,47.85441474,42.26016625,39.6427769,0.147744118,5.638619492,0.086564727,0.999649,0.999860588,1.122122122
Portland_06142022_Schoolboarddistrict5-1.csv,NO,LOCAL,B,6,5,0.744233726,0.799077396,69.297796,45.46386468,44.02870323,41.26089185,37.92926704,0.54619721,2.50784388,0.54619721,0.999094203,0.127488324,0.440520203
Portland_06142022_Schoolboarddistrict5.csv,NO,LOCAL,B,14,5,,0.697435897,69.17948718,45.43589744,43.8974359,41.23076923,37.84615385,0.208252218,1.211571824,0.811649313,0.998970134,0.004154415,0.749248525
Portland_11082022_SchoolBoardDistrict3.csv,NO,LOCAL,B,3,3,0.937429628,0.937429628,78.07624256,73.94241596,54.83352099,,,0.526965999,3.724126311,0.421688514,0.999744833,0.898088884,0.364364364
SanFrancisco_06052018_BoardofSupervisorsDistrict8.csv,NO,LOCAL,B,3,3,0.945604808,0.889376409,86.75882795,76.80841473,42.16979715,,,0.472799195,4.479966132,0.327994845,0.999945658,0.02593626,0.832832833
SanFrancisco_11022004_BoardofSupervisorsDistrict2.csv,NO,LOCAL,B,5,3,0.663622129,0.682092322,76.82672234,45.89422408,42.69601021,29.67408954,26.82092322,0.707472088,4.936333695,0.682850966,0.999937496,0.288188609,0.704704705
SanFrancisco_11022004_BoardofSupervisorsDistrict3.csv,NO,LOCAL,B,4,3,0.69955607,0.59463424,79.65257672,60.07334491,47.85562633,46.34240494,,0.629536458,4.008470024,0.689574209,0.999907936,0.501939579,0.780780781
SanFrancisco_11022004_BoardofSupervisorsDistrict5.csv,NO,LOCAL,B,22,3,,0.434390042,46.97655872,39.20077473,35.52935145,22.66085619,16.57694608,0.091716759,8.309656487,0.068762068,0.999920717,0.232173332,0.693693694
SanFrancisco_11022004_BoardofSupervisorsDistrict7.csv,NO,LOCAL,B,13,3,,0.510730428,52.69129871,46.79035368,26.34090837,21.95707829,20.98991751,0.155187875,6.66440404,0.356444903,0.99991964,0.648097287,2.39039039
SanFrancisco_11022004_BoardofSupervisorsDistrict9.csv,NO,LOCAL,B,6,3,0.679296891,0.662925868,75.82559028,66.7310245,53.36470778,27.85085073,13.11693013,0.43240935,6.753723529,0.576285787,0.999896992,0.884394497,1.381381381
SanFrancisco_11022004_BoardofSupervisorsDistrict11.csv,NO,LOCAL,B,8,3,,0.53085088,53.35692095,40.82671729,40.82240249,35.86900242,27.99879185,0.152660279,3.747796163,0.171818663,0.999894626,0.341549692,0.581581582
SanFrancisco_11022010_BoardofSupervisorsDistrict2.csv,NO,LOCAL,B,6,3,0.687290208,0.708424848,60.58182421,58.16584476,32.09978865,30.83171025,16.13277527,0.101710882,6.889233642,0.101710882,0.999922571,0.327950281,0.4004004
SanFrancisco_11022010_BoardofSupervisorsDistrict6.csv,NO,LOCAL,B,14,3,,0.589721829,56.70438472,48.34040547,35.76143329,17.26544083,13.69165488,0.489823813,5.826582709,0.486328142,0.999891434,0.917896222,1.197197197
SanFrancisco_11022010_BoardofSupervisorsDistrict8.csv,NO,LOCAL,B,4,3,0.773243344,0.665112821,71.09560443,66.14522264,63.07375525,20.21048417,,0.45567935,4.514539813,0.45567935,0.99992597,0.249929636,1.072072072
SanFrancisco_11022010_BoardofSupervisorsDistrict10.csv,NO,LOCAL,B,21,3,,0.418759724,25.70571238,24.18315181,23.0328962,22.53278506,21.22693932,0.123889738,6.445387628,0.099988784,0.999861227,0.467766587,3.023023023
SanFrancisco_11032015_BoardofSupervisorsDistrict3.csv,NO,LOCAL,B,3,3,0.855184387,0.81483477,66.9480364,64.26604406,43.41475096,,,0.909315126,4.899652759,0.909315126,0.999912975,0.084170266,0.926926927
SanFrancisco_11032020_BOARDOFSUPERVISORSDISTRICT1.csv,NO,LOCAL,B,7,7,0.436603335,0.430897912,75.5109954,75.50545616,65.62621171,51.2518695,45.33318562,0.786477747,1.3918658,0.76952738,0.999915818,0.939454235,0.48048048
SanFrancisco_11032020_BOARDOFSUPERVISORSDISTRICT3.csv,NO,LOCAL,B,4,4,0.653344857,0.663993086,88.8781331,80.90579084,65.11322385,59.70613656,,0.524707543,5.14681538,0.548061239,0.999908867,0.173528689,0.435435435
SanFrancisco_11032020_BOARDOFSUPERVISORSDISTRICT5.csv,NO,LOCAL,B,4,4,0.573826948,0.561486583,85.16047257,78.57655331,69.79719711,63.15827235,,0.296971526,5.995710049,0.296971526,0.999935737,0.316204348,0.432432432
SanFrancisco_11032020_BOARDOFSUPERVISORSDISTRICT7.csv,NO,LOCAL,B,7,7,0.353935579,0.32177577,71.02317435,69.1626266,66.42891591,59.42330634,58.59583217,0.454556727,2.697408941,0.556506482,0.999893877,0.835789389,1.279279279
SanFrancisco_11032020_BOARDOFSUPERVISORSDISTRICT9.csv,NO,LOCAL,B,2,3,1,1,99.79846285,0.222032451,,,,0.997732383,,,,,
SanFrancisco_11032020_BOARDOFSUPERVISORSDISTRICT11.csv,NO,LOCAL,B,4,3,0.86804892,0.883941652,88.250844,85.85897191,72.58424103,0.095547487,,0.199520017,8.743935009,0.199520017,0.999937664,0.991212646,0.135135135
SanFrancisco_11042008_BoardofSupervisorsDistrict1.csv,NO,LOCAL,B,9,3,,0.62565899,63.60294118,59.82935627,56.38526637,13.67924528,10.69298002,0.401803642,1.992041553,0.401803642,0.999931829,0.69382954,0.376376376
SanFrancisco_11042008_BoardofSupervisorsDistrict3.csv,NO,LOCAL,B,9,3,,0.527352618,57.96777737,43.5737825,41.18637862,31.3145368,20.60783596,0.263457011,4.41687813,0.273105854,0.999906507,0.119572462,1.409409409
SanFrancisco_11042008_BoardofSupervisorsDistrict4.csv,NO,LOCAL,B,3,3,0.826714679,0.826714679,81.36698713,75.91126813,62.24819105,,,0.529531013,3.232637331,0.529531013,0.999932341,0.642365551,0.356356356
SanFrancisco_11042008_BoardofSupervisorsDistrict5.csv,NO,LOCAL,B,3,3,0.913368143,0.834231655,92.76570659,62.16944585,54.94638145,,,0.789509768,4.634606131,0.789509768,0.999943304,0.564779619,0.358358358
SanFrancisco_11042008_BoardofSupervisorsDistrict7.csv,NO,LOCAL,B,3,3,0.895594487,0.895594487,91.4530465,56.68878011,53.04006183,,,0.712072659,4.686426899,0.712072659,0.999959384,0.4517891,0.778778779
SanFrancisco_11042008_BoardofSupervisorsDistrict9.csv,NO,LOCAL,B,7,3,0.607944083,0.586374056,72.79696366,70.44831085,61.84660479,23.19341626,14.08064334,0.289114151,7.020187701,0.539967331,0.999869554,0.491829948,1.951951952
SanFrancisco_11042008_BoardofSupervisorsDistrict11.csv,NO,LOCAL,B,9,3,,0.582071521,51.31282216,47.24548969,45.68701675,40.27464562,31.59632732,0.97079396,3.089149073,0.296425311,0.999880139,0.576425221,0.250179168
SanFrancisco_11042014_BoardofSupervisorsDistrict10.csv,NO,LOCAL,B,5,3,0.708902557,0.596309485,68.77306572,52.04273228,40.07122046,29.48527031,25.03075429,0.72588488,2.180734852,0.614490498,0.999887514,0.552025469,0.756756757
SanFrancisco_11052004_BoardofSupervisorsDistrict1.csv,NO,LOCAL,B,7,3,0.549935735,0.639837427,60.3362629,56.37266822,48.40031959,28.28707403,26.08469101,0.176362001,3.578082451,0.176362001,0.999916065,0.406145685,0.36036036
SanFrancisco_11052019_MemberBoardofSupervisorsDistrict5.csv,NO,LOCAL,B,4,4,0.800312276,0.765244546,71.50272186,70.87395029,33.74688779,30.2316749,,0.47416518,2.673852514,0.47416518,0.999934028,0.904963427,0.657657658
SanFrancisco_11062012_BoardofSupervisorsDistrict5.csv,NO,LOCAL,B,8,3,,0.599841207,50.98678614,42.60193955,42.50269381,40.84103669,39.59054046,0.160556572,5.45327354,0.119963031,0.999937016,0.048012246,0.903903904
SanFrancisco_11062012_BoardofSupervisorsDistrict7.csv,NO,LOCAL,B,9,3,,0.55483912,53.18743449,53.04767652,40.27888067,34.62821205,19.75351777,0.360259538,2.238887367,0.43147198,0.999917945,0.891184352,0.672672673
SanFrancisco_11062018_BoardofSupervisorsDistrict2.csv,NO,LOCAL,B,4,3,0.717024887,0.669570136,74.85011312,67.61595023,54.45984163,28.07409502,,0.527754808,4.937401412,0.527754808,0.999935496,0.17237519,1.543543544
SanFrancisco_11062018_BoardofSupervisorsDistrict4.csv,NO,LOCAL,B,8,3,,0.607669099,58.10763402,48.73701937,36.19842829,27.5715689,21.90920573,0.147640527,4.807037631,0.152901954,0.999919413,0.322092762,1.534534535
SanFrancisco_11062018_BoardofSupervisorsDistrict6.csv,NO,LOCAL,B,3,3,0.794535131,0.794535131,85.86467944,70.9171201,67.36850406,,,0.724325859,3.862230543,0.724325859,0.999921991,0.961696457,0.692692693
SanFrancisco_11062018_BoardofSupervisorsDistrict8.csv,NO,LOCAL,B,2,3,1,1,96.35861675,31.9989528,,,,0.785706078,,,,,
SanFrancisco_11062018_BoardofSupervisorsDistrict10.csv,NO,LOCAL,B,6,3,0.665677675,0.649552804,68.49415205,54.30426557,48.48211214,30.24595803,17.94375645,0.289952688,5.731215401,0.37295317,0.999905962,0.703298625,0.930930931
SanFrancisco_11072006_BoardofSupervisorsDistrict2.csv,NO,LOCAL,B,2,3,1,1,88.7986298,35.63494005,,,,0.90675487,,,,,
SanFrancisco_11072006_BoardofSupervisorsDistrict4.csv,NO,LOCAL,B,6,3,0.58363618,0.710226126,52.95275591,51.79184333,49.08136483,44.99293358,27.08964264,0.184073366,4.088002758,0.202027907,0.999892334,0.213191848,0.935935936
SanFrancisco_11072006_BoardofSupervisorsDistrict6.csv,NO,LOCAL,B,8,3,,0.738699069,60.71567917,55.75497464,22.26185831,16.93885514,15.38375787,0.339426845,12.69401232,0.545017118,0.999902941,0.219985945,0.35035035
SanFrancisco_11072006_BoardofSupervisorsDistrict8.csv,NO,LOCAL,B,3,3,0.925141109,0.921735566,84.50477722,61.7349352,35.43657175,,,0.5947272,2.267394963,0.625234985,0.999960633,0.933723273,0.126126126
SanFrancisco_11072006_BoardofSupervisorsDistrict10.csv,NO,LOCAL,B,7,3,0.618139925,0.702625332,71.74277336,30.57533864,30.53344505,28.13154587,25.08727831,0.070721294,6.268770365,0.333035624,0.999862524,0.087561294,2.372372372
SanFrancisco_11082016_BoardofSupervisorsDistrict1.csv,NO,LOCAL,B,10,3,,0.637430396,66.11193255,62.37770158,43.00500204,13.34507818,12.03322113,0.541057906,2.543846273,0.523727419,0.99992381,0.027911068,1.072072072
SanFrancisco_11082016_BoardofSupervisorsDistrict3.csv,NO,LOCAL,B,2,3,1,1,84.45269434,55.93055087,,,,0.863860792,,,,,
SanFrancisco_11082016_BoardofSupervisorsDistrict5.csv,NO,LOCAL,B,2,3,1,1,74.67638527,71.47558568,,,,0.862858734,,,,,
SanFrancisco_11082016_BoardofSupervisorsDistrict7.csv,NO,LOCAL,B,5,3,0.558771111,0.636566805,60.16860449,52.40317972,51.18956689,44.13986251,31.22294832,0.371738907,4.420830905,0.274746435,0.999939143,0.479212061,0.556556557
SanFrancisco_11082016_BoardofSupervisorsDistrict9.csv,NO,LOCAL,B,4,3,0.80991221,0.810939543,82.41080879,64.99906606,60.5410622,20.07035676,,0.36804458,6.256242087,0.36804458,0.999938662,0.178917159,1.066066066
SanFrancisco_11082016_BoardofSupervisorsDistrict11.csv,NO,LOCAL,B,5,3,0.582489203,0.527640361,59.74087161,57.75029446,44.22065175,41.82175108,35.90498626,0.652621328,4.592042922,0.680003188,0.999903633,0.688010387,1.177177177
SanFrancisco_11082022_BoardofSupervisorsD4.csv,NO,LOCAL,B,2,3,1,1,70.12391345,69.28796005,,,,0.882339558,,,,,
SanFrancisco_11082022_BoardofSupervisorsD6.csv,NO,LOCAL,B,4,4,0.714662253,0.660966041,80.10297904,75.80605615,48.55338973,42.94471006,,0.483680756,5.971839227,0.473481632,0.99987404,0.451784014,0.588588589
SanFrancisco_11082022_BoardofSupervisorsD8.csv,NO,LOCAL,B,2,3,1,1,89.64717856,50.31098044,,,,0.933517632,,,,,
SanFrancisco_11082022_BoardofSupervisorsD10.csv,NO,LOCAL,B,2,3,1,1,87.73024361,59.81580511,,,,0.833213157,,,,,
Berkeley_11032020_MayorBerkeleyRCV.csv,NO,LOCAL,E,4,5,0.783319622,0.766162759,87.79308926,60.78259975,52.50411353,36.77498972,,0.497088394,6.894188326,0.497088394,0.999970991,0.314265995,0.198198198
Berkeley_11062012_Mayor.csv,NO,LOCAL,E,7,3,0.651337241,0.735586256,72.46169214,51.52760239,37.95163692,20.51567182,20.26499802,0.36914008,1.656104632,0.403415591,0.9999617,0.192726124,0.168168168
Berkeley_11082016_Mayor.csv,NO,LOCAL,E,8,3,,0.635330038,72.40937231,56.97609689,45.12407011,17.52838177,13.62325197,0.082345781,4.716230897,0.082345781,0.999963252,0.352360094,1.135135135
Corvallis_11082022_Mayor.csv,NO,LOCAL,E,3,3,0.788546469,0.788546469,92.3125455,90.90026693,89.49769473,,,0.653834421,4.724487618,0.42908953,0.999887044,0.641703512,0.774774775
ElkRidge_11022021_Mayor.csv,NO,LOCAL,E,3,3,0.894576012,0.894576012,89.07563025,89.07563025,81.97097021,,,0.474407659,3.617231061,0.474407659,0.998316498,0.644473133,0.768768769
LasCruces_11052019_MAYORCITYOFLASCRUCES.csv,NO,LOCAL,E,10,0,,0.341229193,73.51685873,62.39863423,55.00782473,47.68103571,47.31825295,0.785614738,3.535195012,0.671086207,0.999753998,0.49905648,2.063063063
Minneapolis_11022021_Mayor.csv,NO,LOCAL,E,18,3,,0.725366599,55.95385364,47.84349156,41.35798179,19.68378623,12.35249149,0.244569596,3.081378484,0.950964652,0.999985008,0.175310059,0.282791773
Minneapolis_11052013_Mayor.csv,NO,LOCAL,E,35,3,,0.514412054,62.51480259,51.45758271,42.02927763,22.49615763,18.82133589,0.036211293,22.04011029,0.221341304,0.999958946,0.19933348,1.055055055
Minneapolis_11062009_Mayor.csv,NO,LOCAL,E,11,3,,0.813208761,82.04877832,21.61514392,21.45092208,21.32442689,7.756152771,0.334072329,9.372958174,0.504953742,0.999964554,0.096185742,4.884884885
Minneapolis_11072017_Mayor.csv,NO,LOCAL,E,18,3,,0.586470053,52.44314645,47.78187389,45.01077225,42.22243501,42.08550773,0.140258756,2.037794182,0.930769063,0.999963899,0.080091451,0.12811739
Minnetonka_11022021_Mayor.csv,NO,LOCAL,E,2,3,1,1,73.07971672,50.69911022,,,,0.931132636,,,,,
Oakland_11022010_CityCouncilDistrict2.csv,NO,LOCAL,E,2,3,1,1,83.26587681,67.87107219,,,,0.87346919,2.917913068,0.87346919,0.999888716,,
Oakland_11022010_Mayor.csv,NO,LOCAL,E,10,3,,0.42566382,62.54699798,58.14464515,54.85353341,38.62690707,14.09772237,0.250249489,7.3008572,0.257268465,0.999978611,0.34143262,1.846846847
Oakland_11042014_Mayor.csv,NO,LOCAL,E,16,3,,0.554597533,56.39626958,41.845074,35.16139754,33.13879602,32.64805365,0.105439826,9.545570669,0.105441234,0.999970606,0.000451382,5.720720721
Oakland_11062018_Mayor.csv,NO,LOCAL,E,10,3,,0.634331405,70.32668162,56.66585012,54.5145628,13.1376133,10.3155012,0.735632181,2.063100589,0.598724725,0.999987855,0.575940509,0.45045045
Oakland_11082022_Mayor.csv,NO,LOCAL,E,10,5,,0.396100536,63.55404685,63.09699269,44.79993101,40.61510239,39.52068111,0.261808139,6.010988539,0.272597425,0.999967373,0.372569657,0.90990991
SanFrancisco_06052018_Mayor.csv,NO,LOCAL,E,8,3,,0.623461603,65.88755678,62.63494539,58.21724914,30.63827079,13.96510712,0.504886807,4.125243831,0.504886807,0.999989193,0.029546394,1.023023023
SanFrancisco_11032015_Mayor.csv,NO,LOCAL,E,6,3,0.709681324,0.66611405,62.30362359,40.63314123,37.28007158,30.05868267,16.49430278,0.816740823,3.328554031,0.857355766,0.999991083,0.610761323,0.435435435
SanFrancisco_11052019_Mayor.csv,NO,LOCAL,E,7,6,0.644120083,0.683940214,85.58993713,42.6054283,37.98253562,34.48854699,34.3701538,0.048523307,6.202020883,0.040226226,0.999990801,0.65435085,0.072072072
SanFrancisco_11062007_Mayor.csv,NO,LOCAL,E,12,3,,0.710926541,80.9813365,18.23646879,14.81471245,13.6497122,12.79358213,0.723005628,7.54026642,0.587185307,0.999989614,0.239482108,0.836836837
SanFrancisco_11082011_Mayor.csv,NO,LOCAL,E,16,3,,0.516563195,45.98205804,36.11705924,32.14661675,31.95713237,25.87206466,0.161766157,2.649315014,0.161746653,0.999986739,0.415699144,0.495495495
SanLeandro_11022010_Mayor.csv,NO,LOCAL,E,6,3,0.637213859,0.406252783,64.9772869,62.09138684,61.1071524,29.60719694,17.0570945,0.821471231,9.607853711,0.821471231,0.99990241,0.84709308,1.866866867
SanLeandro_11042014_Mayor.csv,NO,LOCAL,E,4,3,0.902452551,0.918474242,82.56716786,76.05989648,62.67562238,1.435789993,,0.342639401,2.232633452,0.342639401,0.999896491,0.516598473,0.228228228
SanLeandro_11062018_Mayor.csv,NO,LOCAL,E,4,3,0.731112916,0.672430467,76.92158911,65.51390662,50.89938494,36.07210553,,0.206287561,3.609360591,0.237312209,0.999911457,0.156467331,0.780780781
SantaFe_03062018_Mayor.csv,NO,LOCAL,E,5,5,0.371428571,0.280329857,85.44263886,81.11084162,77.39510065,75.54208101,75.31409168,0.817700427,4.998382434,0.757541722,0.999802176,0.21209496,1.98998999
Springville_11022021_Mayor.csv,NO,LOCAL,E,3,3,0.892647059,0.709803922,96.0130719,75.98039216,75.37581699,,,0.805869735,4.240035764,0.642102338,0.99973312,0.204215055,0.794794795
TakomaPark_11082022_Mayor.csv,NO,LOCAL,E,6,4,0.853111306,0.576511832,85.2936021,79.19368975,68.9745837,0.052585451,0.052585451,0.842392724,1.937541882,0.842392724,0.999522901,0.686514888,0.275252206
Vineyard_11022021_Mayor.csv,NO,LOCAL,E,3,3,0.949251789,0.793754066,98.37345478,79.63565387,76.31750163,,,0.451532828,4.809980746,0.451532828,0.99911426,0.067728532,0.764764765
WoodlandHills_11022021_Mayor.csv,NO,LOCAL,E,3,3,0.832061069,0.832061069,85.03816794,81.3740458,74.04580153,,,0.745517328,4.565915105,0.548628264,0.996923077,0.700397425,0.958958959
Berkeley_11062018_CityAuditor.csv,NO,LOCAL,O,2,3,1,1,96.99315272,38.34276074,,,,0.968960816,,,,,
Oakland_11022010_CityAuditor.csv,NO,LOCAL,O,2,3,1,1,88.30886295,70.33344331,,,,0.803124395,,,,,
Oakland_11032020_CityAttorneyOaklandRCV.csv,NO,LOCAL,O,2,5,1,1,92.84720131,70.68267161,,,,0.896147663,,,,,
Oakland_11042014_CityAuditor.csv,NO,LOCAL,O,2,3,1,1,89.5464804,62.32521781,,,,0.911809311,,,,,
Oakland_11062012_CityAttorney.csv,NO,LOCAL,O,2,3,1,1,86.39797719,60.37186705,,,,0.848353954,,,,,
Oakland_11062018_CityAuditor.csv,NO,LOCAL,O,2,3,1,1,85.76339541,58.62656537,,,,0.880886414,,,,,
SanFrancisco_11032015_Sheriff.csv,NO,LOCAL,O,3,3,0.948835733,0.948835733,79.64886424,54.45939186,43.40302618,,,0.654549816,6.151694341,0.654549816,0.999993541,0.241727485,0.812812813
SanFrancisco_11052019_DistrictAttorney.csv,NO,LOCAL,O,4,4,0.636196335,0.672098012,64.84840652,64.27821862,53.59559565,52.43402518,,0.622853587,3.195639749,0.622853587,0.999990313,0.653914514,0.405405405
SanFrancisco_11062018_AssessorRecorder.csv,NO,LOCAL,O,2,3,1,1,85.46637676,56.51698494,,,,0.850393497,,,,,
SanFrancisco_11082005_AssessorRecorder.csv,NO,LOCAL,O,4,3,0.892297113,0.636539774,81.19302895,70.93723648,65.44091073,0.020077902,,0.759496974,3.083962239,0.810288902,0.999987409,0.594087324,0.288288288
SanFrancisco_11082005_Treasurer.csv,NO,LOCAL,O,4,3,0.779603493,0.776600507,78.85387923,55.80001247,40.8247446,30.28143078,,0.157204135,4.418406921,0.157204135,0.999991443,0.87128555,0.186186186
SanFrancisco_11082011_DistrictAttorney.csv,NO,LOCAL,O,5,3,0.651418125,0.70158706,61.87193619,61.53297896,45.92353604,41.55354491,14.43370203,0.40583658,4.718308969,0.430526151,0.999989379,0.094713981,1.289289289
SanFrancisco_11082011_Sheriff.csv,NO,LOCAL,O,4,3,0.756637844,0.751343925,62.85806191,59.18830213,58.64637059,23.0838849,,0.443638943,4.094034555,0.443638943,0.999990414,0.174806787,1.036036036
SanFrancisco_11082022_DistrictAttorney.csv,NO,LOCAL,O,4,4,0.683662433,0.69255338,73.22479482,68.39337194,58.12827126,43.64159863,,0.429502099,4.363832562,0.533627676,0.999992064,0.563305374,0.267267267
SanFrancisco_11082022_PublicDefender.csv,NO,LOCAL,O,2,3,1,1,88.99141135,56.62320776,,,,0.84440145,,,,,
Albany_11082022_CityCouncil.csv,NO,LOCAL,R,6,5,0.343728344,0.304781705,88.46846847,82.86902287,81.82952183,80.31878032,60.45738046,0.562647504,1.700458223,0.562647504,0.999285714,0.67411608,0.35035035
Berkeley_03072017_CityCouncilDistrict4.csv,NO,LOCAL,R,2,3,1,1,78.30261137,65.62980031,,,,0.882215827,2.207300072,0.859254713,0.999540018,0.80449778,0.24024024
Berkeley_11022010_CityCouncilDistrict1.csv,NO,LOCAL,R,4,3,0.787372494,0.743580725,84.15406261,59.90151249,45.39219135,20.1899402,,0.370075223,6.690326047,0.577362705,0.999677211,0.135824153,1.228228228
Berkeley_11022010_CityCouncilDistrict4.csv,NO,LOCAL,R,4,3,0.688117771,0.724500526,77.05573081,64.3533123,47.71819138,34.30073607,,0.555055042,4.528820184,0.555055042,0.999540652,0.491848307,0.738738739
Berkeley_11022010_CityCouncilDistrict7.csv,NO,LOCAL,R,3,3,0.79587431,0.684096906,86.44758935,76.54113696,74.52626529,,,0.727185116,4.189341016,0.727185116,0.999482669,0.531442867,0.790790791
Berkeley_11022010_CityCouncilDistrict8.csv,NO,LOCAL,R,3,3,0.803050109,0.748583878,84.68409586,69.91285403,69.49891068,,,0.749130795,2.038183631,0.671659245,0.999653139,0.901823782,0.378378378
Berkeley_11032020_MemberCityCouncilDist2BerkeleyRCV.csv,NO,LOCAL,R,4,5,0.693770572,0.659270998,81.18980861,71.26660978,68.47494819,54.65073754,,0.415034837,2.456157074,0.415034837,0.999754481,0.927782792,0.264264264
Berkeley_11032020_MemberCityCouncilDist3BerkeleyRCV.csv,NO,LOCAL,R,3,5,0.923176745,0.888917726,89.32001038,64.33947573,46.74279782,,,0.639112685,1.872808661,0.639112685,0.999827437,0.622768183,0.34034034
Berkeley_11032020_MemberCityCouncilDist5BerkeleyRCV.csv,NO,LOCAL,R,3,5,0.966956175,0.833083758,89.97703903,50.25456724,32.91404612,,,0.684528444,5.485341216,0.684528444,0.999838397,0.104842117,0.766766767
Berkeley_11032020_MemberCityCouncilDist6BerkeleyRCV.csv,NO,LOCAL,R,2,5,1,1,86.46975364,55.11414936,,,,0.859497323,3.659032795,0.9160838,0.99982146,0.978774758,0.247247247
Berkeley_11042014_CityCouncilDistrict1.csv,NO,LOCAL,R,3,3,0.917429546,0.859091725,83.0371567,74.7083109,47.9267636,,,0.243373346,4.666009118,0.243373346,0.99971831,0.041417699,0.844844845
Berkeley_11042014_CityCouncilDistrict7.csv,NO,LOCAL,R,2,3,1,1,76.21262458,68.8372093,,,,0.861891026,2.343440195,0.861617596,0.999161074,0.807851044,0.209209209
Berkeley_11042014_CityCouncilDistrict8.csv,NO,LOCAL,R,4,3,0.542623675,0.671378092,70.64929329,65.6139576,59.80565371,51.70053004,,0.512404965,3.132072721,0.461532262,0.999494949,0.781125282,0.768768769
Berkeley_11062012_CityCouncilDistrict2.csv,NO,LOCAL,R,3,3,0.889732528,0.889732528,81.69111303,68.26574633,60.13805004,,,0.673537179,2.259012857,0.673537179,0.999765093,0.831774976,0.372372372
Berkeley_11062012_CityCouncilDistrict3.csv,NO,LOCAL,R,2,3,1,1,76.30662021,64.42121564,,,,0.869612413,2.316006476,0.869612413,0.999770695,0.709814737,0.247247247
Berkeley_11062012_CityCouncilDistrict5.csv,NO,LOCAL,R,2,3,1,1,71.30303791,65.85488325,,,,0.884362663,3.014734678,0.89166362,0.999842495,0.592584202,0.245245245
Berkeley_11062012_CityCouncilDistrict6.csv,NO,LOCAL,R,2,3,1,1,95.85167626,5.519810362,,,,0.99278825,,,,,
Berkeley_11062018_CityCouncilDistrict1.csv,NO,LOCAL,R,4,3,0.685377598,0.598834263,74.40446021,73.9736442,66.81449569,28.53522554,,0.51613007,5.350211997,0.51613007,0.999647515,0.502796512,0.540540541
Berkeley_11062018_CityCouncilDistrict4.csv,NO,LOCAL,R,3,3,0.854485777,0.854485777,83.97155361,78.19110139,69.18307805,,,0.574029182,3.801430621,0.546182742,0.999611801,0.409524981,0.796796797
Berkeley_11062018_CityCouncilDistrict7.csv,NO,LOCAL,R,3,3,0.912224591,0.912224591,91.29353234,81.66311301,67.66169154,,,0.411780016,4.751000852,0.281596303,0.999389126,0.248521667,0.36036036
Berkeley_11062018_CityCouncilDistrict8.csv,NO,LOCAL,R,4,3,0.764077522,0.724248436,81.36731268,71.99755837,46.55882802,32.09217152,,0.41258044,4.290405234,0.222452612,0.999705015,0.148951031,0.84984985
Berkeley_11082016_CityCouncilDistrict2.csv,NO,LOCAL,R,3,3,0.830067189,0.830067189,76.37178052,74.13213886,73.46024636,,,0.570634921,3.398665724,0.709677604,0.99973538,0.647055743,0.702702703
Berkeley_11082016_CityCouncilDistrict3.csv,NO,LOCAL,R,4,3,0.782675839,0.654499509,82.83026815,63.48448687,54.76625018,25.22813421,,0.426434326,3.287340176,0.426434326,0.99968789,0.816671526,0.345345345
Berkeley_11082016_CityCouncilDistrict5.csv,NO,LOCAL,R,2,3,1,1,76.26555127,62.73058773,,,,0.904118976,3.383132927,0.904118976,0.999856672,,
Berkeley_11082016_CityCouncilDistrict6.csv,NO,LOCAL,R,3,3,0.836436705,0.828131279,82.57200268,64.75552579,57.56195579,,,0.64822368,3.886554113,0.666000085,0.999752842,0.383441932,0.698698699
Corvallis_11082022_CityCouncilWard9.csv,NO,LOCAL,R,3,3,0.83195706,0.83195706,92.6507019,89.55408753,86.91164327,,,0.462264135,3.034353526,0.353149461,0.99904489,0.339271373,0.322322322
Eastpointe_11052019_CityCouncil.csv,NO,LOCAL,R,4,4,0.593562575,0.6227509,83.34666134,77.04918033,67.93282687,61.29548181,,0.43768595,3.088120138,0.368079036,0.999537037,0.12127231,1.147147147
LasCruces_11052019_COUNCILORPOSITION2CITYOFLASCRUCESDISTRICT2COUNCILOR.csv,NO,LOCAL,R,4,4,0.632,0.655111111,74.04444444,66.8,60.97777778,48.48888889,,0.551282588,3.871858909,0.551282588,0.999156118,0.602617183,1.045045045
LasCruces_11052019_COUNCILORPOSITION4CITYOFLASCRUCESDISTRICT4COUNCILOR.csv,NO,LOCAL,R,3,3,0.859615385,0.755769231,80.83333333,73.46153846,73.14102564,,,0.747515572,3.517559566,0.747515572,0.998913043,0.419249424,0.730730731
Minneapolis_08112020_Ward6CityCouncilSpecialElection.csv,NO,LOCAL,R,12,3,,0.685729072,38.87954457,32.09988356,25.13908656,19.92495795,15.50006469,0.222105143,5.490782632,0.232488582,0.999800678,0.517975521,1.211211211
Minneapolis_11022021_CityCouncilWard1.csv,NO,LOCAL,R,4,3,0.890309026,0.7501532,68.89608684,68.30955091,32.96857218,13.61288628,,0.46258286,4.520815285,0.46258286,0.999849466,0.060995671,1.213213213
Minneapolis_11022021_CityCouncilWard2.csv,NO,LOCAL,R,5,3,0.708118895,0.762524945,62.03129923,57.86156916,54.09095683,38.15775654,9.190211112,0.594574697,6.54049336,0.616922616,0.999747155,0.100629144,1.957957958
Minneapolis_11022021_CityCouncilWard3.csv,NO,LOCAL,R,4,3,0.834935416,0.789726645,68.30129168,55.95524181,43.03844998,19.60799039,,0.4896005,4.938585464,0.530035071,0.999860627,0.06634166,1.405405405
Minneapolis_11022021_CityCouncilWard4.csv,NO,LOCAL,R,3,3,0.960789728,0.823415712,80.87808919,57.97321552,38.83749827,,,0.634930165,2.150287176,0.70937541,0.99980985,0.437525436,0.724724725
Minneapolis_11022021_CityCouncilWard5.csv,NO,LOCAL,R,7,3,0.693978102,0.570985401,54.12408759,50.65693431,44.9270073,22.51824818,20.51094891,0.350288978,2.777255164,0.350288978,0.999679693,0.95301351,0.468468468
Minneapolis_11022021_CityCouncilWard6.csv,NO,LOCAL,R,2,3,1,1,70.11365455,56.3310389,,,,0.9353077,4.168065284,0.9353077,0.999808392,0.350626213,0.231231231
Minneapolis_11022021_CityCouncilWard7.csv,NO,LOCAL,R,4,3,0.792345487,0.886733902,74.69183691,43.4186708,32.9195759,24.58408758,,0.556367855,2.912015369,0.414085467,0.999886583,0.019525343,0.60960961
Minneapolis_11022021_CityCouncilWard8.csv,NO,LOCAL,R,2,3,1,1,88.29827554,18.55220769,,,,0.977299239,,,,,
Minneapolis_11022021_CityCouncilWard9.csv,NO,LOCAL,R,8,3,,0.731010766,67.88277512,33.59748804,24.85047847,19.39294258,18.39114833,0.612688341,3.586500264,0.5648479,0.999759152,0.010849386,2.361361361
Minneapolis_11022021_CityCouncilWard10.csv,NO,LOCAL,R,6,3,0.727170131,0.787360105,56.44691056,53.32455563,46.52496943,33.96031224,26.53061224,0.361412915,3.700655833,0.380756807,0.999839021,0.672738271,0.580580581
Minneapolis_11022021_CityCouncilWard11.csv,NO,LOCAL,R,5,3,0.808055098,0.81561611,75.55023207,48.36801916,24.18026651,19.70354844,13.63228028,0.417648726,4.171848864,0.29354167,0.999890984,0.132846616,0.468468468
Minneapolis_11022021_CityCouncilWard12.csv,NO,LOCAL,R,3,3,0.962597911,0.962597911,80.92689295,50.50261097,27.30417755,,,0.453495112,3.559915051,0.329038267,0.999913599,0.051848958,0.754754755
Minneapolis_11022021_CityCouncilWard13.csv,NO,LOCAL,R,5,3,0.876708999,0.87354925,81.06580786,47.65145531,21.35261591,14.92374066,13.58084706,0.756249997,2.127024003,0.756249997,0.999899376,0.171189423,0.512512513
Minneapolis_11052013_Ward5CityCouncil.csv,NO,LOCAL,R,4,3,0.72766323,0.73024055,78.35051546,63.1443299,58.04696449,23.59679267,,0.574087097,2.124591503,0.552870428,0.999478079,0.549882234,0.540540541
Minneapolis_11052013_Ward9CityCouncil.csv,NO,LOCAL,R,6,3,0.677791116,0.609843938,73.54141657,63.21728691,30.32412965,26.53061224,24.75390156,0.280486769,5.186511114,0.324042938,0.999358563,0.31680341,0.725725726
Minneapolis_11052013_Ward13CityCouncil.csv,NO,LOCAL,R,5,3,0.817503587,0.531516021,79.79913917,77.88617886,60.81300813,16.65231946,8.225729316,0.811468987,1.978429498,0.673044622,0.999756987,0.430375033,0.536536537
Minneapolis_11062009_Ward1CityCouncil.csv,NO,LOCAL,R,5,3,0.812247984,0.783014113,70.3125,47.25302419,47.02620968,17.3891129,16.6078629,0.455099307,5.761743254,0.485132015,0.999623919,0.62716653,0.760760761
Minneapolis_11062009_Ward2CityCouncil.csv,NO,LOCAL,R,2,3,1,1,89.01345291,27.31689088,,,,0.937428135,,,,,
Minneapolis_11062009_Ward3CityCouncil.csv,NO,LOCAL,R,4,3,0.901781635,0.883965281,80.72179077,47.73869347,18.2731841,15.21242577,,0.256178487,6.135325148,0.357855252,0.999435666,0.648370759,0.351351351
Minneapolis_11062009_Ward4CityCouncil.csv,NO,LOCAL,R,4,3,0.764563107,0.743021845,66.80825243,55.82524272,40.74635922,31.06796117,,0.704064642,4.303776186,0.641234082,0.999483204,0.464640515,1.792792793
Minneapolis_11062009_Ward5CityCouncil.csv,NO,LOCAL,R,5,3,0.744110855,0.707621247,64.01847575,58.66050808,48.54503464,23.41801386,11.40877598,0.197419865,4.937167596,0.213144011,0.999122807,0.023669468,1.225225225
Minneapolis_11062009_Ward6CityCouncil.csv,NO,LOCAL,R,6,3,0.635373444,0.622925311,68.10165975,38.0186722,33.14315353,31.69087137,22.25103734,0.235295016,3.151357779,0.305760857,0.999,0.999079638,0.17017017
Minneapolis_11062009_Ward7CityCouncil.csv,NO,LOCAL,R,3,3,0.932997942,0.885204665,77.38394695,41.1845415,31.35147496,,,0.906973048,,,,,
Minneapolis_11062009_Ward8CityCouncil.csv,NO,LOCAL,R,5,3,0.883284837,0.8066602,88.16682832,52.21467831,22.79340446,16.42418364,9.279017135,0.881463337,7.645746754,0.843149369,0.999402985,0.59922342,2.122122122
Minneapolis_11062009_Ward9CityCouncil.csv,NO,LOCAL,R,4,3,0.869361844,0.814567324,80.92215169,61.64383562,29.36852656,22.65285667,,0.446258207,5.24968891,0.499931141,0.999402628,0.635138176,0.357357357
Minneapolis_11062009_Ward10CityCouncil.csv,NO,LOCAL,R,4,3,0.805655836,0.881167268,85.46931408,39.2599278,32.22021661,26.98555957,,0.277693077,5.357556607,0.573908376,0.999579832,0.584093945,0.447447447
Minneapolis_11062009_Ward11CityCouncil.csv,NO,LOCAL,R,3,3,0.972229172,0.943457593,81.48611459,55.46659995,27.42056542,,,0.828501839,8.879704162,0.828501839,0.999697153,0.053656483,1.029029029
Minneapolis_11062009_Ward12CityCouncil.csv,NO,LOCAL,R,4,3,0.855656973,0.836765018,77.86032689,45.48928041,35.95839525,15.62300998,,0.693726912,5.161388103,0.621436785,0.999662846,0.253892443,0.564564565
Minneapolis_11062009_Ward13CityCouncil.csv,NO,LOCAL,R,3,3,0.928404149,0.928404149,79.00635664,43.91100703,35.0284376,,,0.565115049,2.731733932,0.565115049,0.999760192,0.04224339,0.644644645
Minneapolis_11072017_Ward1CityCouncil.csv,NO,LOCAL,R,3,3,0.891907382,0.835969739,82.0609812,76.89133425,50.77945896,,,0.46895736,1.742911665,0.676047801,0.999802917,0.940891302,0.258258258
Minneapolis_11072017_Ward3CityCouncil.csv,NO,LOCAL,R,4,3,0.669104587,0.746421482,72.32264131,57.42346672,54.46661791,47.84244071,,0.576624549,3.78248205,0.576624549,0.999791493,0.552250369,0.768768769
Minneapolis_11072017_Ward4CityCouncil.csv,NO,LOCAL,R,4,3,0.802548982,0.722084839,69.4502568,66.44474035,58.87388244,21.70439414,,0.539001153,2.415797442,0.539001153,0.999696049,0.942107039,0.873873874
Minneapolis_11072017_Ward5CityCouncil.csv,NO,LOCAL,R,4,3,0.749109052,0.660489427,74.74459492,67.07056308,51.60370634,31.62271323,,0.390349529,4.428646629,0.420779658,0.999449642,0.57905434,0.507507508
Minneapolis_11072017_Ward6CityCouncil.csv,NO,LOCAL,R,4,3,0.979348579,0.943728344,68.12196812,59.47331947,14.10949411,0.152460152,,0.416927212,7.505845523,0.613361178,0.999831876,0.337441002,0.537537538
Minneapolis_11072017_Ward7CityCouncil.csv,NO,LOCAL,R,4,3,0.834617926,0.689715922,79.71812376,65.58026866,50.62761506,16.14181898,,0.516187491,6.702649945,0.656076333,0.999769585,0.089893224,1.51951952
Minneapolis_11072017_Ward8CityCouncil.csv,NO,LOCAL,R,4,3,0.896525488,0.724194776,90.02028912,54.97083439,54.65381689,14.21506467,,0.799774599,7.083195724,0.799774599,0.999692969,0.213989046,1.828828829
Minneapolis_11072017_Ward9CityCouncil.csv,NO,LOCAL,R,4,3,0.791432202,0.688509711,72.78998003,69.06879651,66.23706662,10.03811944,,0.604277938,5.413618038,0.461061602,0.999573924,0.077474618,1.612612613
Minneapolis_11072017_Ward10CityCouncil.csv,NO,LOCAL,R,4,3,0.829091389,0.802057233,83.14651193,64.30172755,59.76526441,11.71040485,,0.828388219,1.702308565,0.828388219,0.999803033,0.279379873,0.597597598
Minneapolis_11072017_Ward11CityCouncil.csv,NO,LOCAL,R,3,3,0.814867528,0.814867528,79.13291001,76.49441647,72.60783884,,,0.542188899,2.652963052,0.542188899,0.999800359,0.950399161,0.362362362
Minneapolis_11072017_Ward12CityCouncil.csv,NO,LOCAL,R,3,3,0.953829494,0.85499114,94.41819256,37.32033865,32.42764324,,,0.879871036,5.064672262,0.742161845,0.999883518,0.306419905,0.688688689
Minneapolis_11072017_Ward13CityCouncil.csv,NO,LOCAL,R,2,3,1,1,88.51033626,35.79096797,,,,0.974957566,,,,,
Minnetonka_11022021_CityCouncilAtLargeSeatA.csv,NO,LOCAL,R,5,3,0.789468805,0.694168907,69.16658941,38.97283767,36.6274219,35.41299713,31.03735978,0.620872396,2.22574961,0.601908919,0.999816075,0.264600327,0.820820821
Minnetonka_11022021_CityCouncilAtLargeSeatB.csv,NO,LOCAL,R,5,3,0.781483668,0.819657615,55.51948052,41.61747344,39.07910272,39.06926407,36.9244392,0.742085392,2.733589744,0.554709652,0.999830938,0.420531756,0.840840841
Oakland_11022010_CityCouncilDistrict4.csv,NO,LOCAL,R,7,3,0.57883946,0.519906547,67.80145902,55.73833023,35.1499547,33.34763744,23.21079483,0.174226528,4.307261857,0.16617243,0.999888331,0.139566448,1.753753754
Oakland_11022010_CityCouncilDistrict6.csv,NO,LOCAL,R,3,3,0.828877836,0.773624495,86.22163506,68.86073982,67.97482126,,,0.732279156,1.870319578,0.732279156,0.999881867,0.907714346,0.378378378
Oakland_11032020_MemberCityCouncilAtLargeOaklandRCV.csv,NO,LOCAL,R,3,5,0.856818206,0.856818206,84.34036641,78.69936562,63.57771387,,,0.437586306,4.27442282,0.514832942,0.999991639,0.633198153,0.578578579
Oakland_11032020_MemberCityCouncilDist1OaklandRCV.csv,NO,LOCAL,R,3,5,0.809975603,0.795283275,88.18650041,71.26592573,67.22146923,,,0.580144541,3.069769699,0.593392944,0.999944435,0.349899573,0.39039039
Oakland_11032020_MemberCityCouncilDist3OaklandRCV.csv,NO,LOCAL,R,6,5,0.500373171,0.397962164,79.02780933,63.3221923,50.34234351,48.62900347,39.27702242,0.532890543,2.214143156,0.532890543,0.999921092,0.517964093,0.980980981
Oakland_11032020_MemberCityCouncilDist5OaklandRCV.csv,NO,LOCAL,R,3,5,0.836731246,0.836731246,82.77202073,79.33093039,71.29984231,,,0.586524514,4.612512516,0.586524514,0.999911598,0.723646295,0.786786787
Oakland_11032020_MemberCityCouncilDist7OaklandRCV.csv,NO,LOCAL,R,5,5,0.372714773,0.363446555,77.46600805,72.42959719,69.55746805,67.31170749,63.81320976,0.597338096,2.810256434,0.597338096,0.999855825,0.524370299,0.812812813
Oakland_11042014_CityCouncilDistrict2.csv,NO,LOCAL,R,5,3,0.614517318,0.662785556,65.41635962,60.37582903,54.06779661,40.79587325,12.32129698,0.210534719,6.221733184,0.31538781,0.999841772,0.033079644,1.785785786
Oakland_11042014_CityCouncilDistrict4.csv,NO,LOCAL,R,3,3,0.920180638,0.900649167,88.08354502,72.38498448,51.73017217,,,0.510484017,4.377018495,0.510484017,0.999890675,0.126582023,0.802802803
Oakland_11042014_CityCouncilDistrict6.csv,NO,LOCAL,R,5,3,0.629851547,0.672062243,61.71525666,60.25755679,52.67394026,46.9325702,0.947952066,0.069415646,6.611828769,0.171547674,0.999811178,0.128775969,1.041041041
Oakland_11062012_CityCouncilAtLarge.csv,NO,LOCAL,R,5,3,0.678283458,0.62986977,68.13036852,53.79398725,52.09199224,31.27944029,19.03366584,0.553477302,2.7301157,0.473625846,0.999986902,0.443287349,0.552552553
Oakland_11062012_CityCouncilDistrict1.csv,NO,LOCAL,R,7,3,0.561115382,0.603256692,61.35299462,56.95366553,47.10671605,21.49695996,19.2501223,0.215146851,4.428415125,0.230102622,0.999923972,0.953292648,1.177177177
Oakland_11062012_CityCouncilDistrict3.csv,NO,LOCAL,R,6,3,0.532683148,0.532229531,57.46427761,49.2447267,48.88183262,35.49557723,29.06327966,0.346294779,3.640615845,0.289398873,0.999892323,0.822416187,0.730730731
Oakland_11062012_CityCouncilDistrict5.csv,NO,LOCAL,R,4,3,0.676801702,0.724758443,68.2918181,62.00691428,48.24040422,38.27674852,,0.323094504,3.793429881,0.280476361,0.999832552,0.844873922,0.483483483
Oakland_11062012_CityCouncilDistrict7.csv,NO,LOCAL,R,3,3,0.868008799,0.868008799,81.66788881,68.95540297,57.4895007,,,0.603978185,3.461488831,0.615302587,0.999875715,0.768426096,0.34034034
Oakland_11062018_CityCouncilDistrict2.csv,NO,LOCAL,R,3,3,0.931546627,0.931546627,80.95872804,74.44661303,52.14452325,,,0.414681901,2.611251913,0.414681901,0.999931413,0.771233369,0.338338338
Oakland_11062018_CityCouncilDistrict4.csv,NO,LOCAL,R,7,3,0.600102873,0.541742502,64.66724697,63.25868481,54.80335523,22.25607344,15.53770673,0.537241355,2.305586734,0.62321965,0.999912242,0.063472613,1.489489489
Oakland_11062018_CityCouncilDistrict6.csv,NO,LOCAL,R,5,3,0.573192535,0.652084032,64.88993184,53.71549894,48.22885239,39.08816628,36.36719187,0.489223083,3.239798643,0.489223083,0.999900259,0.973455406,0.572572573
Oakland_11082016_CityCouncilDistrict1.csv,NO,LOCAL,R,2,3,1,1,89.63127699,45.89698962,,,,0.857532245,,,,,
Oakland_11082016_CityCouncilDistrict3.csv,NO,LOCAL,R,2,3,1,1,75.50599459,74.61647544,,,,0.837360601,,,,,
Oakland_11082016_CityCouncilDistrict5.csv,NO,LOCAL,R,2,3,1,1,79.30513595,67.52985182,,,,0.86650621,,,,,
Oakland_11082016_CityCouncilDistrict7.csv,NO,LOCAL,R,3,3,0.837565063,0.837565063,82.65202488,67.68439761,63.13952012,,,0.677710845,2.032530676,0.677710845,0.999906139,0.844302435,0.356356356
Oakland_11082016_CouncilAtLrg.csv,NO,LOCAL,R,5,3,0.675586992,0.603578922,78.16159943,57.92337818,56.54548058,22.50213253,20.24444763,0.338024922,5.738870753,0.45747898,0.999985227,0.603915076,1.081081081
Oakland_11082022_CityCouncilmemberDistrict4.csv,NO,LOCAL,R,2,5,1,1,85.1938599,65.89074661,,,,0.830971042,,,,,
Oakland_11082022_CityCouncilmemberDistrict6.csv,NO,LOCAL,R,4,5,0.640639762,0.58320961,90.2753408,56.28964773,51.8288568,51.78161695,,0.826189365,4.047702496,0.826189365,0.999878464,0.081309228,1.960960961
SanLeandro_11022010_CountyCouncilDistrict1.csv,NO,LOCAL,R,3,3,0.997994887,0.99654118,84.08942804,72.27931225,0.756930172,,,0.429411637,7.43927045,0.576235102,0.999918613,0.002782763,0.284284284
SanLeandro_11022010_CountyCouncilDistrict5.csv,NO,LOCAL,R,2,3,1,1,78.78442074,77.54899529,,,,0.843006467,,,,,
SanLeandro_11032020_MemberCityCouncilDist2SanLeandroRCV.csv,NO,LOCAL,R,2,5,1,1,83.83908848,81.28415301,,,,0.824715768,,,,,
SanLeandro_11032020_MemberCityCouncilDist4SanLeandroRCV.csv,NO,LOCAL,R,2,5,1,1,89.23659923,73.40932706,,,,0.781774237,,,,,
SanLeandro_11042014_CountyCouncilDistrict1.csv,NO,LOCAL,R,4,3,0.673852708,0.642354612,74.74343252,59.96901827,57.43884335,39.8373459,,0.366634597,3.62410037,0.366634597,0.999866578,0.845809633,0.492492492
SanLeandro_11042014_CountyCouncilDistrict3.csv,NO,LOCAL,R,3,3,0.886009998,0.886009998,84.13715412,77.3639372,66.11279307,,,0.62265799,3.469861322,0.502862184,0.999866578,0.626642507,0.38038038
SanLeandro_11042014_CountyCouncilDistrict5.csv,NO,LOCAL,R,3,3,0.832981835,0.765290156,84.61119804,72.66480713,72.26341928,,,0.695263091,2.735634576,0.645056782,0.99986292,0.741885179,0.344344344
SanLeandro_11062012_CountyCouncilDistrict2.csv,NO,LOCAL,R,3,3,0.876494967,0.876494967,82.69982238,80.66706138,70.86244326,,,0.620139392,2.02916578,0.620139392,0.999933784,0.548118637,0.356356356
SanLeandro_11062012_CountyCouncilDistrict4.csv,NO,LOCAL,R,4,3,0.625632159,0.592176356,72.00345796,62.93062459,61.22325481,40.48411498,,0.499073233,2.027853869,0.590645464,0.999910491,0.724228863,0.312312312
SanLeandro_11062012_CountyCouncilDistrict6.csv,NO,LOCAL,R,2,3,1,1,84.96832079,78.07968703,,,,0.819829949,,,,,
SanLeandro_11062018_CountyCouncilDistrict1.csv,NO,LOCAL,R,3,3,0.88909865,0.703044666,87.7530527,69.52924165,67.71770566,,,0.686258726,3.143756536,0.678987018,0.999910306,0.78814166,0.348348348
SanLeandro_11062018_CountyCouncilDistrict3.csv,NO,LOCAL,R,2,3,1,1,81.36197637,78.76262084,,,,0.826330295,,,,,
SanLeandro_11062018_CountyCouncilDistrict5.csv,NO,LOCAL,R,2,3,1,1,87.97802481,68.60380274,,,,0.870198689,,,,,
SanLeandro_11082016_CountyCouncilDistrict2.csv,NO,LOCAL,R,2,3,1,1,77.28638742,77.09716915,,,,0.834060735,,,,,
SantaFe_03062018_CityCouncilDistrict2.csv,NO,LOCAL,R,3,3,0.909076382,0.846436561,90.28443592,84.93128795,75.3275807,,,0.429241877,3.94533734,0.429241877,0.999652295,0.921482009,0.388388388
SantaFe_03062018_CityCouncilDistrict4.csv,NO,LOCAL,R,3,3,0.79033245,0.68325515,85.49867428,82.09259637,80.46094228,,,0.562065894,3.296647408,0.565496524,0.999530296,0.809889465,0.688688689
Springville_11022021_CityCouncil2yr.csv,NO,LOCAL,R,3,3,0.882741536,0.882741536,90.8835673,88.70355078,78.03468208,,,0.434531616,3.698914927,0.304599911,0.999653019,0.205767079,0.382382382
StLouisPark_11022021_CityCouncilWard2.csv,NO,LOCAL,R,2,3,1,1,65.11479592,38.90306122,,,,0.987942502,,,,,
StLouisPark_11022021_CityCouncilWard3.csv,NO,LOCAL,R,3,3,0.886651752,0.886651752,80.61148397,78.52348993,65.62266965,,,0.534578626,4.592265838,0.534578626,0.998738966,0.847663479,1.095095095
TakomaPark_11082022_CityCouncilWard1.csv,NO,LOCAL,R,3,4,0.886681383,0.754966887,84.91537896,68.9477557,62.61957322,,,0.630457203,3.127160856,0.723810418,0.998843931,0.348894447,0.704704705
TakomaPark_11082022_CityCouncilWard3.csv,NO,LOCAL,R,5,4,0.782069971,0.629008746,82.58017493,78.35276968,70.69970845,0.072886297,0.072886297,0.887570749,9.963725791,0.818818564,0.998387097,0.595695057,0.505845919
TakomaPark_11082022_CityCouncilWard5.csv,NO,LOCAL,R,3,4,0.86036961,0.800821355,82.34086242,73.30595483,67.96714579,,,0.510547788,3.974162072,0.510547788,0.996153846,0.413838591,0.966966967
TakomaPark_11082022_CityCouncilWard6.csv,NO,LOCAL,R,7,5,0.655384615,0.564615385,78.92307692,78.30769231,58.76923077,52.61538462,0.307692308,0.791609571,8.66640157,0.791609571,0.996563574,0.823541244,0.009840057
Vineyard_11052019_CityCouncil.csv,NO,LOCAL,R,7,7,0.200183655,0.168044077,90.35812672,88.42975207,80.99173554,77.22681359,72.81910009,0.339635964,3.702133422,0.348910728,0.993589744,0.234139242,2.18018018
NewYorkCity_06222021_CONCouncilMember19thCouncilDistrict.csv,NO,LOCAL,R,2,3,1,1,94.95798319,40.33613445,,,,0.95537686,1.929954591,0.766275903,0.99122807,0.543875133,0.229229229
Alaska_08162022_HouseofRepresentativesSpecial.csv,YES,FEDERAL,R,3,4,0.9553301,0.9553301,75.10219643,64.11899265,60.4955203,,,0.739849551,1.916339799,0.739849551,0.999990607,0.874056214,0.214214214
Alaska_11082022_USRepresentative.csv,YES,FEDERAL,R,4,5,0.825703481,0.757514115,64.61950122,59.18676972,57.31220374,35.85074424,,0.808016113,2.498267369,0.808016113,0.999994378,0.557545725,0.468468468
Maine_11062018_CongressionalDistrict2.csv,YES,FEDERAL,R,4,5,0.784114369,0.791052184,65.35504172,62.19459657,45.35669604,41.27327683,,0.91729949,2.157817728,0.91729949,0.999995277,0.880427826,0.351351351
Maine_11082022_CongressionalDistrict2.csv,YES,FEDERAL,R,3,4,0.934384502,0.934384502,63.40318694,62.49952688,49.72369766,,,0.910765913,6.538217886,0.88478998,0.99999512,0.407358897,0.810810811
Alaska_11082022_USSenator.csv,YES,FEDERAL,S,4,5,0.831821701,0.82133641,65.75829564,60.02952427,44.63515893,41.55256687,,0.87220012,2.310971669,0.822097201,0.999991963,0.438147211,0.534534535
Burlington_03032009_Mayor.csv,YES,LOCAL,E,5,5,0.493979933,0.554849498,74.74916388,68.92976589,67.93756968,67.8483835,37.79264214,0.718131625,3.324014079,0.669681118,0.999712644,0.617616142,0.824824825
Burlington_03072006_Mayor.csv,YES,LOCAL,E,5,5,0.623363339,0.656914894,76.09451718,76.05360065,61.25204583,35.01432079,32.43657938,0.490785843,6.450483867,0.260416074,0.99975892,0.664523386,0.808808809
Easthampton_11022021_Mayor.csv,YES,LOCAL,E,66,4,,0.6785541,78.86948083,35.58951965,32.04754973,22.07666181,0.12130034,0.491269472,5.50908552,0.771895128,0.999624484,0.334231253,4.62818652
PierceCounty_11042008_CountyExecutiveMember.csv,YES,LOCAL,E,4,3,0.704945053,0.765856366,58.19556212,57.85722166,53.57948828,50.13523589,,0.695768011,4.74114729,0.695768011,0.999994889,0.560955447,0.780780781
PierceCounty_11032009_CountyAuditor.csv,YES,LOCAL,O,3,3,0.933534428,0.859795511,82.75551377,79.54518745,56.20323579,,,0.362353034,2.086491643,0.546580127,0.999989719,0.458523087,0.146146146
PierceCounty_11042008_CountyAssessorTreasurer.csv,YES,LOCAL,O,6,3,0.581903336,0.632458781,46.35598918,43.59671775,42.86554712,41.66144584,30.89444249,0.372878492,2.73228334,0.44794096,0.999992938,0.486407217,0.805805806
Burlington_03072023_CityCouncilCentralDistrict.csv,YES,LOCAL,R,2,3,1,1,81.37024871,71.6564993,,,,0.874781487,2.940764344,0.874781487,0.99924185,0.842157624,0.184184184
Burlington_03072023_CityCouncilEastDistrict.csv,YES,LOCAL,R,2,3,1,1,84.56568557,68.34170854,,,,0.831005236,2.139646352,0.862664405,0.998962656,0.727352892,0.218218218
Burlington_03072023_CityCouncilSouthDistrict.csv,YES,LOCAL,R,3,4,0.856632957,0.856632957,89.94646044,54.66983938,51.93337299,,,0.902664894,6.579166069,0.902664894,0.998988878,0.545939082,0.720720721
Payson_11052019_CityCouncil.csv,YES,LOCAL,R,5,5,0.288008965,0.289503175,92.08068734,90.21292492,87.22450504,82.06948076,78.7075084,0.61742419,2.104686332,0.57733163,0.998148148,0.581334732,0.648648649
PierceCounty_11042008_CountyCouncilDistrict2.csv,YES,LOCAL,R,3,3,0.875365872,0.875365872,75.67357967,65.83944162,59.88542266,,,0.766042,3.769245339,0.766042,0.999957164,0.945339986,0.546546547
Alaska_11082022_GovernorLieutenantGovernor.csv,YES,STATE,E,4,5,0.83961886,0.744511665,67.21896623,51.78961697,49.1061368,42.65928083,,0.898327472,3.713259812,0.898327472,0.99999224,0.376178299,0.531531532
Alaska_11082022_HouseDistrict1.csv,YES,STATE,R,2,3,1,1,63.43829279,62.6921355,,,,0.930661524,3.222704923,0.911109398,0.99983258,0.417968322,0.242242242
Alaska_11082022_HouseDistrict2.csv,YES,STATE,R,2,3,1,1,67.32145363,55.28272766,,,,0.924696146,4.469992397,0.944287882,0.999837134,0.282244087,0.228228228
Alaska_11082022_HouseDistrict4.csv,YES,STATE,R,2,3,1,1,85.64320211,38.18235036,,,,0.914571588,,,,,
Alaska_11082022_HouseDistrict5.csv,YES,STATE,R,2,3,1,1,75.66009669,56.63815545,,,,0.909689315,3.544592824,0.909689315,0.999773499,0.602329532,0.24024024
Alaska_11082022_HouseDistrict6.csv,YES,STATE,R,3,4,0.962293877,0.880054616,63.87984455,56.20207961,35.15387039,,,0.930510793,,,,,
Alaska_11082022_HouseDistrict7.csv,YES,STATE,R,2,3,1,1,71.36370294,64.99194375,,,,0.886551558,2.950983066,0.886551558,0.999821173,0.643547647,0.245245245
Alaska_11082022_HouseDistrict9.csv,YES,STATE,R,2,3,1,1,64.95517522,54.23797881,,,,0.950040502,,,,,
Alaska_11082022_HouseDistrict10.csv,YES,STATE,R,3,4,0.907753421,0.907753421,66.80888627,54.93600118,39.0613506,,,0.925923613,7.353462009,0.925923613,0.99980541,0.063073886,0.972972973
Alaska_11082022_HouseDistrict11.csv,YES,STATE,R,3,4,0.928896992,0.913009506,61.51842688,57.15587967,49.7069931,,,0.787102918,3.342104985,0.787102918,0.999789341,0.683207286,0.606606607
Alaska_11082022_HouseDistrict12.csv,YES,STATE,R,2,3,1,1,66.52790626,56.73758865,,,,0.950423899,3.070513733,0.915437686,0.999833333,0.372315441,0.242242242
Alaska_11082022_HouseDistrict13.csv,YES,STATE,R,2,3,1,1,62.25835592,61.58988257,,,,0.917356391,3.366764099,0.917356391,0.99979996,0.383374818,0.235235235
Alaska_11082022_HouseDistrict14.csv,YES,STATE,R,2,3,1,1,73.24784823,48.72650624,,,,0.923230149,,,,,
Alaska_11082022_HouseDistrict15.csv,YES,STATE,R,3,4,0.937964237,0.929436039,60.7565337,57.2352132,51.80192572,,,0.911403059,5.515148446,0.911403059,0.999817552,0.156106331,0.612612613
Alaska_11082022_HouseDistrict16.csv,YES,STATE,R,2,3,1,1,64.35167122,56.41825985,,,,0.933298532,4.34669861,0.943251611,0.999852725,0.266589714,0.232232232
Alaska_11082022_HouseDistrict17.csv,YES,STATE,R,2,3,1,1,79.09859155,72.76995305,,,,0.853047586,2.51975106,0.853047586,0.999732406,0.949398762,0.243243243
Alaska_11082022_HouseDistrict18.csv,YES,STATE,R,3,4,0.930155734,0.891930156,62.95422369,61.20811704,56.01698915,,,0.855923714,,,,,
Alaska_11082022_HouseDistrict19.csv,YES,STATE,R,2,3,1,1,88.57142857,63.42857143,,,,0.908259852,,,,,
Alaska_11082022_HouseDistrict20.csv,YES,STATE,R,4,5,0.805383848,0.782851446,65.06480558,50.36889332,48.41475573,36.15154536,,0.890272685,6.96697103,0.864833341,0.999709133,0.319741471,2.216216216
Alaska_11082022_HouseDistrict21.csv,YES,STATE,R,2,3,1,1,61.9013683,60.27651083,,,,0.923534955,3.567609941,0.923534955,0.999843039,0.350677878,0.239239239
Alaska_11082022_HouseDistrict22.csv,YES,STATE,R,2,3,1,1,64.79470199,60.90066225,,,,0.92676722,,,,,
Alaska_11082022_HouseDistrict23.csv,YES,STATE,R,2,3,1,1,74.8157419,61.39618968,,,,0.913758178,,,,,
Alaska_11082022_HouseDistrict24.csv,YES,STATE,R,3,4,0.932133333,0.918533333,77.48,63.38666667,36.8,,,0.875226698,2.782282025,0.875226698,0.999816278,0.257114091,0.610610611
Alaska_11082022_HouseDistrict25.csv,YES,STATE,R,2,3,1,1,88.60619469,48.87997788,,,,0.944833857,,,,,
Alaska_11082022_HouseDistrict26.csv,YES,STATE,R,2,3,1,1,87.86915039,32.45494472,,,,0.930787088,,,,,
Alaska_11082022_HouseDistrict27.csv,YES,STATE,R,3,4,0.86332737,0.86332737,74.00715564,60.55456172,59.87477639,,,0.729085997,2.253859113,0.729085997,0.999746835,0.652842958,0.334334334
Alaska_11082022_HouseDistrict28.csv,YES,STATE,R,4,5,0.681833445,0.74278039,69.39220954,56.16185359,55.43989255,51.94761585,,0.571966785,4.202762465,0.571966785,0.999711899,0.509247313,1.147147147
Alaska_11082022_HouseDistrict29.csv,YES,STATE,R,2,3,1,1,82.73689854,40.2761024,,,,0.930256416,,,,,
Alaska_11082022_HouseDistrict30.csv,YES,STATE,R,3,4,0.950225644,0.878152376,68.68861163,66.65781789,34.01911335,,,0.708299306,2.279903542,0.802637135,0.999782135,0.867187966,0.558558559
Alaska_11082022_HouseDistrict31.csv,YES,STATE,R,3,4,0.897693672,0.873447664,63.70983639,62.86221171,52.92726198,,,0.80814502,2.800379391,0.715742481,0.999738288,0.577440303,0.34034034
Alaska_11082022_HouseDistrict32.csv,YES,STATE,R,3,4,0.958083832,0.795461708,74.40907658,56.69713205,48.03025528,,,0.794028636,,,,,
Alaska_11082022_HouseDistrict34.csv,YES,STATE,R,3,4,0.943902439,0.893224932,66.36856369,53.53658537,47.87262873,,,0.870338136,7.563727005,0.870338136,0.999789163,,
Alaska_11082022_HouseDistrict35.csv,YES,STATE,R,4,5,0.840717441,0.834961852,62.80283764,54.50408245,45.8037746,26.60955695,,0.825957475,3.81226755,0.87945403,0.999779978,0.843237056,0.708708709
Alaska_11082022_HouseDistrict36.csv,YES,STATE,R,2,3,1,1,74.99330656,45.79651941,,,,0.943514304,4.715608024,0.94775186,0.999848988,,
Alaska_11082022_HouseDistrict39.csv,YES,STATE,R,2,3,1,1,78.4543965,75.20480612,,,,0.844711303,2.223910503,0.844711303,0.999624906,0.938844042,0.242242242
Alaska_11082022_SenateDistrictA.csv,YES,STATE,S,2,3,1,1,81.00580271,51.14893617,,,,0.930786725,,,,,
Alaska_11082022_SenateDistrictC.csv,YES,STATE,S,3,4,0.927595335,0.927595335,71.78936825,56.63590184,40.08728626,,,0.68430937,4.649971291,0.68430937,0.999911817,0.756364945,0.758758759
Alaska_11082022_SenateDistrictD.csv,YES,STATE,S,3,4,0.956387317,0.832390475,71.31298513,65.15590054,31.05512433,,,0.728916651,2.217425248,0.728916651,0.999900695,0.80307236,0.624624625
Alaska_11082022_SenateDistrictE.csv,YES,STATE,S,3,4,0.960562537,0.960562537,65.30221424,57.73189707,50.68222621,,,0.626082177,3.812268275,0.626082177,0.999917655,0.874650814,1.021021021
Alaska_11082022_SenateDistrictF.csv,YES,STATE,S,2,3,1,1,65.97008666,54.94828068,,,,0.932574119,,,,,
Alaska_11082022_SenateDistrictG.csv,YES,STATE,S,2,3,1,1,65.19371541,57.99857168,,,,0.945162753,,,,,
Alaska_11082022_SenateDistrictH.csv,YES,STATE,S,2,3,1,1,61.3540569,61.24209694,,,,0.941936556,,,,,
Alaska_11082022_SenateDistrictI.csv,YES,STATE,S,2,3,1,1,76.39296188,51.79952013,,,,0.908359658,4.495997689,0.942531128,0.999835688,0.402799021,0.242242242
Alaska_11082022_SenateDistrictJ.csv,YES,STATE,S,3,4,0.935144509,0.924277457,69.2716763,60.56647399,52.65895954,,,0.759001452,5.717835801,0.759001452,0.99980541,0.533137963,1.307307307
Alaska_11082022_SenateDistrictK.csv,YES,STATE,S,2,3,1,1,65.8525303,57.87769451,,,,0.913775735,,,,,
Alaska_11082022_SenateDistrictL.csv,YES,STATE,S,2,3,1,1,72.73100897,66.42920748,,,,0.901570901,,,,,
Alaska_11082022_SenateDistrictM.csv,YES,STATE,S,2,3,1,1,82.77650546,35.61228614,,,,0.946498254,,,,,
Alaska_11082022_SenateDistrictN.csv,YES,STATE,S,3,4,0.85008223,0.826452004,74.08465334,64.06993854,60.63360166,,,0.611904107,2.305105088,0.665457082,0.999870332,0.614282228,0.354354354
Alaska_11082022_SenateDistrictO.csv,YES,STATE,S,2,3,1,1,73.15956323,68.14371257,,,,0.872533385,,,,,
Alaska_11082022_SenateDistrictP.csv,YES,STATE,S,3,4,0.904546537,0.805522495,66.35324923,63.94905975,46.79838134,,,0.926270257,,,,,
Alaska_11082022_SenateDistrictQ.csv,YES,STATE,S,3,4,0.898730281,0.859022701,75.5367449,48.48018469,32.41246633,,,0.920242565,6.4723901,0.911071221,0.999903101,0.084011341,1.125125125
Alaska_11082022_SenateDistrictR.csv,YES,STATE,S,3,4,0.920295304,0.865541049,75.78098298,54.04333857,39.74297628,,,0.737018585,4.422849859,0.698044241,0.99989989,0.43618769,0.404404404
Alaska_11082022_SenateDistrictS.csv,YES,STATE,S,2,3,1,1,79.97395457,62.58139198,,,,0.894850167,3.262111624,0.894850167,0.999800717,0.762075207,0.244244244
Wyoming_04172020_PRESIDENTOFTHEUNITEDSTATES.csv,YES,FEDERAL,E,9,5,,0.633099597,89.11180366,61.33619011,32.2425659,25.01623166,24.76951045,0.141594961,7.397648793,0.141594961,0.999865916,0.921531236,0.656656657