Filename,Index,partisan,level,type,candidates,choices,gamma bf,gamma mds,#1 candidate,#2 candidate,#3 candidate,#4 candidate,#5 candidate,bimodality,Ashman_D,Sarle_coefficient,Hartigan_Dip,Amplitude_Ratio,Mode_Distance,stress_value
Alaska_04102020_PRESIDENTOFTHEUNITEDSTATES.mat,0,DP,FEDERAL,E,8,5,,0.56529227,82.99564381,76.20808429,46.11994732,27.87964745,27.73275251,0.127921717,10.83807506,0.127921717,0.999863742,0.623712717,0.252252252,23.02215437
Alaska_08162022_HouseofRepresentativesSpecial.mat,1,YES,FEDERAL,R,3,4,0.9553301,0.9553301,75.10219643,64.11899265,60.4955203,,,0.739849551,1.916339799,0.739849551,0.999990607,0.874056214,0.214214214,2.42E-07
Alaska_11082022_GovernorLieutenantGovernor.mat,2,YES,STATE,E,4,5,0.83961886,0.744511665,67.21896623,51.78961697,49.1061368,42.65928083,,0.898327472,3.713259812,0.898327472,0.99999224,0.376178299,0.531531532,1.123905099
Alaska_11082022_HouseDistrict1.mat,3,YES,STATE,R,2,3,1,1,63.43829279,62.6921355,,,,0.930661524,3.222704923,0.911109398,0.99983258,0.417968322,0.242242242,0
Alaska_11082022_HouseDistrict10.mat,4,YES,STATE,R,3,4,0.907753421,0.907753421,66.80888627,54.93600118,39.0613506,,,0.925923613,7.353462009,0.925923613,0.99980541,0.063073886,0.972972973,0.138170265
Alaska_11082022_HouseDistrict11.mat,5,YES,STATE,R,3,4,0.928896992,0.913009506,61.51842688,57.15587967,49.7069931,,,0.787102918,3.342104985,0.787102918,0.999789341,0.683207286,0.606606607,0.047471393
Alaska_11082022_HouseDistrict12.mat,6,YES,STATE,R,2,3,1,1,66.52790626,56.73758865,,,,0.950423899,3.070513733,0.915437686,0.999833333,0.372315441,0.242242242,0
Alaska_11082022_HouseDistrict13.mat,7,YES,STATE,R,2,3,1,1,62.25835592,61.58988257,,,,0.917356391,3.366764099,0.917356391,0.99979996,0.383374818,0.235235235,0
Alaska_11082022_HouseDistrict14.mat,8,YES,STATE,R,2,3,1,1,73.24784823,48.72650624,,,,0.923230149,,,,,,0
Alaska_11082022_HouseDistrict15.mat,9,YES,STATE,R,3,4,0.937964237,0.929436039,60.7565337,57.2352132,51.80192572,,,0.911403059,5.515148446,0.911403059,0.999817552,0.156106331,0.612612613,0.074617478
Alaska_11082022_HouseDistrict16.mat,10,YES,STATE,R,2,3,1,1,64.35167122,56.41825985,,,,0.933298532,4.34669861,0.943251611,0.999852725,0.266589714,0.232232232,0
Alaska_11082022_HouseDistrict17.mat,11,YES,STATE,R,2,3,1,1,79.09859155,72.76995305,,,,0.853047586,2.51975106,0.853047586,0.999732406,0.949398762,0.243243243,9.84E-35
Alaska_11082022_HouseDistrict18.mat,12,YES,STATE,R,3,4,0.930155734,0.891930156,62.95422369,61.20811704,56.01698915,,,0.855923714,,,,,,0.115485752
Alaska_11082022_HouseDistrict19.mat,13,YES,STATE,R,2,3,1,1,88.57142857,63.42857143,,,,0.908259852,,,,,,0
Alaska_11082022_HouseDistrict2.mat,14,YES,STATE,R,2,3,1,1,67.32145363,55.28272766,,,,0.924696146,4.469992397,0.944287882,0.999837134,0.282244087,0.228228228,0
Alaska_11082022_HouseDistrict20.mat,15,YES,STATE,R,4,5,0.805383848,0.782851446,65.06480558,50.36889332,48.41475573,36.15154536,,0.890272685,6.96697103,0.864833341,0.999709133,0.319741471,2.216216216,0.830590847
Alaska_11082022_HouseDistrict21.mat,16,YES,STATE,R,2,3,1,1,61.9013683,60.27651083,,,,0.923534955,3.567609941,0.923534955,0.999843039,0.350677878,0.239239239,4.86E-35
Alaska_11082022_HouseDistrict22.mat,17,YES,STATE,R,2,3,1,1,64.79470199,60.90066225,,,,0.92676722,,,,,,9.65E-35
Alaska_11082022_HouseDistrict23.mat,18,YES,STATE,R,2,3,1,1,74.8157419,61.39618968,,,,0.913758178,,,,,,0
Alaska_11082022_HouseDistrict24.mat,19,YES,STATE,R,3,4,0.932133333,0.918533333,77.48,63.38666667,36.8,,,0.875226698,2.782282025,0.875226698,0.999816278,0.257114091,0.610610611,0.071675673
Alaska_11082022_HouseDistrict25.mat,20,YES,STATE,R,2,3,1,1,88.60619469,48.87997788,,,,0.944833857,,,,,,0
Alaska_11082022_HouseDistrict26.mat,21,YES,STATE,R,2,3,1,1,87.86915039,32.45494472,,,,0.930787088,,,,,,0
Alaska_11082022_HouseDistrict27.mat,22,YES,STATE,R,3,4,0.86332737,0.86332737,74.00715564,60.55456172,59.87477639,,,0.729085997,2.253859113,0.729085997,0.999746835,0.652842958,0.334334334,0.334253475
Alaska_11082022_HouseDistrict28.mat,23,YES,STATE,R,4,5,0.681833445,0.74278039,69.39220954,56.16185359,55.43989255,51.94761585,,0.571966785,4.202762465,0.571966785,0.999711899,0.509247313,1.147147147,2.12274747
Alaska_11082022_HouseDistrict29.mat,24,YES,STATE,R,2,3,1,1,82.73689854,40.2761024,,,,0.930256416,,,,,,0
Alaska_11082022_HouseDistrict30.mat,25,YES,STATE,R,3,4,0.950225644,0.878152376,68.68861163,66.65781789,34.01911335,,,0.708299306,2.279903542,0.802637135,0.999782135,0.867187966,0.558558559,0.003240581
Alaska_11082022_HouseDistrict31.mat,26,YES,STATE,R,3,4,0.897693672,0.873447664,63.70983639,62.86221171,52.92726198,,,0.80814502,2.800379391,0.715742481,0.999738288,0.577440303,0.34034034,0.378147848
Alaska_11082022_HouseDistrict32.mat,27,YES,STATE,R,3,4,0.958083832,0.795461708,74.40907658,56.69713205,48.03025528,,,0.794028636,,,,,,0.028748398
Alaska_11082022_HouseDistrict34.mat,28,YES,STATE,R,3,4,0.943902439,0.893224932,66.36856369,53.53658537,47.87262873,,,0.870338136,7.563727005,0.870338136,0.999789163,,,0.008405305
Alaska_11082022_HouseDistrict35.mat,29,YES,STATE,R,4,5,0.840717441,0.834961852,62.80283764,54.50408245,45.8037746,26.60955695,,0.825957475,3.81226755,0.87945403,0.999779978,0.843237056,0.708708709,1.336651016
Alaska_11082022_HouseDistrict36.mat,30,YES,STATE,R,2,3,1,1,74.99330656,45.79651941,,,,0.943514304,4.715608024,0.94775186,0.999848988,,,0
Alaska_11082022_HouseDistrict39.mat,31,YES,STATE,R,2,3,1,1,78.4543965,75.20480612,,,,0.844711303,2.223910503,0.844711303,0.999624906,0.938844042,0.242242242,0
Alaska_11082022_HouseDistrict4.mat,32,YES,STATE,R,2,3,1,1,85.64320211,38.18235036,,,,0.914571588,,,,,,0
Alaska_11082022_HouseDistrict5.mat,33,YES,STATE,R,2,3,1,1,75.66009669,56.63815545,,,,0.909689315,3.544592824,0.909689315,0.999773499,0.602329532,0.24024024,0
Alaska_11082022_HouseDistrict6.mat,34,YES,STATE,R,3,4,0.962293877,0.880054616,63.87984455,56.20207961,35.15387039,,,0.930510793,,,,,,0.149733785
Alaska_11082022_HouseDistrict7.mat,35,YES,STATE,R,2,3,1,1,71.36370294,64.99194375,,,,0.886551558,2.950983066,0.886551558,0.999821173,0.643547647,0.245245245,0
Alaska_11082022_HouseDistrict9.mat,36,YES,STATE,R,2,3,1,1,64.95517522,54.23797881,,,,0.950040502,,,,,,0
Alaska_11082022_SenateDistrictA.mat,37,YES,STATE,S,2,3,1,1,81.00580271,51.14893617,,,,0.930786725,,,,,,0
Alaska_11082022_SenateDistrictC.mat,38,YES,STATE,S,3,4,0.927595335,0.927595335,71.78936825,56.63590184,40.08728626,,,0.68430937,4.649971291,0.68430937,0.999911817,0.756364945,0.758758759,0.238172364
Alaska_11082022_SenateDistrictD.mat,39,YES,STATE,S,3,4,0.956387317,0.832390475,71.31298513,65.15590054,31.05512433,,,0.728916651,2.217425248,0.728916651,0.999900695,0.80307236,0.624624625,0.122388199
Alaska_11082022_SenateDistrictE.mat,40,YES,STATE,S,3,4,0.960562537,0.960562537,65.30221424,57.73189707,50.68222621,,,0.626082177,3.812268275,0.626082177,0.999917655,0.874650814,1.021021021,0.000838277
Alaska_11082022_SenateDistrictF.mat,41,YES,STATE,S,2,3,1,1,65.97008666,54.94828068,,,,0.932574119,,,,,,9.63E-35
Alaska_11082022_SenateDistrictG.mat,42,YES,STATE,S,2,3,1,1,65.19371541,57.99857168,,,,0.945162753,,,,,,1.03E-34
Alaska_11082022_SenateDistrictH.mat,43,YES,STATE,S,2,3,1,1,61.3540569,61.24209694,,,,0.941936556,,,,,,0
Alaska_11082022_SenateDistrictI.mat,44,YES,STATE,S,2,3,1,1,76.39296188,51.79952013,,,,0.908359658,4.495997689,0.942531128,0.999835688,0.402799021,0.242242242,0
Alaska_11082022_SenateDistrictJ.mat,45,YES,STATE,S,3,4,0.935144509,0.924277457,69.2716763,60.56647399,52.65895954,,,0.759001452,5.717835801,0.759001452,0.99980541,0.533137963,1.307307307,0.081126273
Alaska_11082022_SenateDistrictK.mat,46,YES,STATE,S,2,3,1,1,65.8525303,57.87769451,,,,0.913775735,,,,,,0
Alaska_11082022_SenateDistrictL.mat,47,YES,STATE,S,2,3,1,1,72.73100897,66.42920748,,,,0.901570901,,,,,,0
Alaska_11082022_SenateDistrictM.mat,48,YES,STATE,S,2,3,1,1,82.77650546,35.61228614,,,,0.946498254,,,,,,0
Alaska_11082022_SenateDistrictN.mat,49,YES,STATE,S,3,4,0.85008223,0.826452004,74.08465334,64.06993854,60.63360166,,,0.611904107,2.305105088,0.665457082,0.999870332,0.614282228,0.354354354,0.774916306
Alaska_11082022_SenateDistrictO.mat,50,YES,STATE,S,2,3,1,1,73.15956323,68.14371257,,,,0.872533385,,,,,,0
Alaska_11082022_SenateDistrictP.mat,51,YES,STATE,S,3,4,0.904546537,0.805522495,66.35324923,63.94905975,46.79838134,,,0.926270257,,,,,,0.405026245
Alaska_11082022_SenateDistrictQ.mat,52,YES,STATE,S,3,4,0.898730281,0.859022701,75.5367449,48.48018469,32.41246633,,,0.920242565,6.4723901,0.911071221,0.999903101,0.084011341,1.125125125,0.753315197
Alaska_11082022_SenateDistrictR.mat,53,YES,STATE,S,3,4,0.920295304,0.865541049,75.78098298,54.04333857,39.74297628,,,0.737018585,4.422849859,0.698044241,0.99989989,0.43618769,0.404404404,0.322834242
Alaska_11082022_SenateDistrictS.mat,54,YES,STATE,S,2,3,1,1,79.97395457,62.58139198,,,,0.894850167,3.262111624,0.894850167,0.999800717,0.762075207,0.244244244,0
Alaska_11082022_USRepresentative.mat,55,YES,FEDERAL,R,4,5,0.825703481,0.757514115,64.61950122,59.18676972,57.31220374,35.85074424,,0.808016113,2.498267369,0.808016113,0.999994378,0.557545725,0.468468468,1.76365358
Alaska_11082022_USSenator.mat,56,YES,FEDERAL,S,4,5,0.831821701,0.82133641,65.75829564,60.02952427,44.63515893,41.55256687,,0.87220012,2.310971669,0.822097201,0.999991963,0.438147211,0.534534535,0.401893831
Albany_11082022_BoardofEducation.mat,57,NO,LOCAL,B,5,5,0.62540366,0.64262648,87.80562817,84.99154237,79.97847147,56.6815316,1.968322313,0.578185495,1.77783268,0.522027798,0.999634903,0.541123546,0.308308308,174.919099
Albany_11082022_CityCouncil.mat,58,NO,LOCAL,R,6,5,0.343728344,0.304781705,88.46846847,82.86902287,81.82952183,80.31878032,60.45738046,0.562647504,1.700458223,0.562647504,0.999285714,0.67411608,0.35035035,223.305836
Albany_11082022_FAKECityCouncil.mat,59,NO,LOCAL,R,,,,,,,,,,,,,,,,205.5050119
Berkeley_03072017_CityCouncilDistrict4.mat,60,NO,LOCAL,R,2,3,1,1,78.30261137,65.62980031,,,,0.882215827,2.207300072,0.859254713,0.999540018,0.80449778,0.24024024,1.03E-34
Berkeley_11022010_CityCouncilDistrict1.mat,61,NO,LOCAL,R,4,3,0.787372494,0.743580725,84.15406261,59.90151249,45.39219135,20.1899402,,0.370075223,6.690326047,0.577362705,0.999677211,0.135824153,1.228228228,1.631272684
Berkeley_11022010_CityCouncilDistrict4.mat,62,NO,LOCAL,R,4,3,0.688117771,0.724500526,77.05573081,64.3533123,47.71819138,34.30073607,,0.555055042,4.528820184,0.555055042,0.999540652,0.491848307,0.738738739,1.506869171
Berkeley_11022010_CityCouncilDistrict7.mat,63,NO,LOCAL,R,3,3,0.79587431,0.684096906,86.44758935,76.54113696,74.52626529,,,0.727185116,4.189341016,0.727185116,0.999482669,0.531442867,0.790790791,0.825461635
Berkeley_11022010_CityCouncilDistrict8.mat,64,NO,LOCAL,R,3,3,0.803050109,0.748583878,84.68409586,69.91285403,69.49891068,,,0.749130795,2.038183631,0.671659245,0.999653139,0.901823782,0.378378378,0.662873619
Berkeley_11032020_MayorBerkeleyRCV.mat,65,NO,LOCAL,E,4,5,0.783319622,0.766162759,87.79308926,60.78259975,52.50411353,36.77498972,,0.497088394,6.894188326,0.497088394,0.999970991,0.314265995,0.198198198,1.563333332
Berkeley_11032020_MemberCityCouncilDist2BerkeleyRCV.mat,66,NO,LOCAL,R,4,5,0.693770572,0.659270998,81.18980861,71.26660978,68.47494819,54.65073754,,0.415034837,2.456157074,0.415034837,0.999754481,0.927782792,0.264264264,1.818924981
Berkeley_11032020_MemberCityCouncilDist3BerkeleyRCV.mat,67,NO,LOCAL,R,3,5,0.923176745,0.888917726,89.32001038,64.33947573,46.74279782,,,0.639112685,1.872808661,0.639112685,0.999827437,0.622768183,0.34034034,0.477146286
Berkeley_11032020_MemberCityCouncilDist5BerkeleyRCV.mat,68,NO,LOCAL,R,3,5,0.966956175,0.833083758,89.97703903,50.25456724,32.91404612,,,0.684528444,5.485341216,0.684528444,0.999838397,0.104842117,0.766766767,0.383124813
Berkeley_11032020_MemberCityCouncilDist6BerkeleyRCV.mat,69,NO,LOCAL,R,2,5,1,1,86.46975364,55.11414936,,,,0.859497323,3.659032795,0.9160838,0.99982146,0.978774758,0.247247247,0
Berkeley_11042014_CityCouncilDistrict1.mat,70,NO,LOCAL,R,3,3,0.917429546,0.859091725,83.0371567,74.7083109,47.9267636,,,0.243373346,4.666009118,0.243373346,0.99971831,0.041417699,0.844844845,0.433944525
Berkeley_11042014_CityCouncilDistrict7.mat,71,NO,LOCAL,R,2,3,1,1,76.21262458,68.8372093,,,,0.861891026,2.343440195,0.861617596,0.999161074,0.807851044,0.209209209,0
Berkeley_11042014_CityCouncilDistrict8.mat,72,NO,LOCAL,R,4,3,0.542623675,0.671378092,70.64929329,65.6139576,59.80565371,51.70053004,,0.512404965,3.132072721,0.461532262,0.999494949,0.781125282,0.768768769,1.944145292
Berkeley_11062012_CityCouncilDistrict2.mat,73,NO,LOCAL,R,3,3,0.889732528,0.889732528,81.69111303,68.26574633,60.13805004,,,0.673537179,2.259012857,0.673537179,0.999765093,0.831774976,0.372372372,0.296525712
Berkeley_11062012_CityCouncilDistrict3.mat,74,NO,LOCAL,R,2,3,1,1,76.30662021,64.42121564,,,,0.869612413,2.316006476,0.869612413,0.999770695,0.709814737,0.247247247,0
Berkeley_11062012_CityCouncilDistrict5.mat,75,NO,LOCAL,R,2,3,1,1,71.30303791,65.85488325,,,,0.884362663,3.014734678,0.89166362,0.999842495,0.592584202,0.245245245,0
Berkeley_11062012_CityCouncilDistrict6.mat,76,NO,LOCAL,R,2,3,1,1,95.85167626,5.519810362,,,,0.99278825,,,,,,0
Berkeley_11062012_Mayor.mat,77,NO,LOCAL,E,7,3,0.651337241,0.735586256,72.46169214,51.52760239,37.95163692,20.51567182,20.26499802,0.36914008,1.656104632,0.403415591,0.9999617,0.192726124,0.168168168,4182.060077
Berkeley_11062018_CityAuditor.mat,78,NO,LOCAL,O,2,3,1,1,96.99315272,38.34276074,,,,0.968960816,,,,,,0
Berkeley_11062018_CityCouncilDistrict1.mat,79,NO,LOCAL,R,4,3,0.685377598,0.598834263,74.40446021,73.9736442,66.81449569,28.53522554,,0.51613007,5.350211997,0.51613007,0.999647515,0.502796512,0.540540541,0.914490618
Berkeley_11062018_CityCouncilDistrict4.mat,80,NO,LOCAL,R,3,3,0.854485777,0.854485777,83.97155361,78.19110139,69.18307805,,,0.574029182,3.801430621,0.546182742,0.999611801,0.409524981,0.796796797,0.524520365
Berkeley_11062018_CityCouncilDistrict7.mat,81,NO,LOCAL,R,3,3,0.912224591,0.912224591,91.29353234,81.66311301,67.66169154,,,0.411780016,4.751000852,0.281596303,0.999389126,0.248521667,0.36036036,0.634148238
Berkeley_11062018_CityCouncilDistrict8.mat,82,NO,LOCAL,R,4,3,0.764077522,0.724248436,81.36731268,71.99755837,46.55882802,32.09217152,,0.41258044,4.290405234,0.222452612,0.999705015,0.148951031,0.84984985,3.058306776
Berkeley_11082016_CityCouncilDistrict2.mat,83,NO,LOCAL,R,3,3,0.830067189,0.830067189,76.37178052,74.13213886,73.46024636,,,0.570634921,3.398665724,0.709677604,0.99973538,0.647055743,0.702702703,0.427978529
Berkeley_11082016_CityCouncilDistrict3.mat,84,NO,LOCAL,R,4,3,0.782675839,0.654499509,82.83026815,63.48448687,54.76625018,25.22813421,,0.426434326,3.287340176,0.426434326,0.99968789,0.816671526,0.345345345,1.497268423
Berkeley_11082016_CityCouncilDistrict5.mat,85,NO,LOCAL,R,2,3,1,1,76.26555127,62.73058773,,,,0.904118976,3.383132927,0.904118976,0.999856672,,,0
Berkeley_11082016_CityCouncilDistrict6.mat,86,NO,LOCAL,R,3,3,0.836436705,0.828131279,82.57200268,64.75552579,57.56195579,,,0.64822368,3.886554113,0.666000085,0.999752842,0.383441932,0.698698699,0.649793903
Berkeley_11082016_Mayor.mat,87,NO,LOCAL,E,8,3,,0.635330038,72.40937231,56.97609689,45.12407011,17.52838177,13.62325197,0.082345781,4.716230897,0.082345781,0.999963252,0.352360094,1.135135135,36.53375169
Burlington_03032009_Mayor.mat,88,YES,LOCAL,E,5,5,0.493979933,0.554849498,74.74916388,68.92976589,67.93756968,67.8483835,37.79264214,0.718131625,3.324014079,0.669681118,0.999712644,0.617616142,0.824824825,6.01213702
Burlington_03072006_Mayor.mat,89,YES,LOCAL,E,5,5,0.623363339,0.656914894,76.09451718,76.05360065,61.25204583,35.01432079,32.43657938,0.490785843,6.450483867,0.260416074,0.99975892,0.664523386,0.808808809,5.189227284
Burlington_03072023_CityCouncilCentralDistrict.mat,90,YES,LOCAL,R,2,3,1,1,81.37024871,71.6564993,,,,0.874781487,2.940764344,0.874781487,0.99924185,0.842157624,0.184184184,0
Burlington_03072023_CityCouncilEastDistrict.mat,91,YES,LOCAL,R,2,3,1,1,84.56568557,68.34170854,,,,0.831005236,2.139646352,0.862664405,0.998962656,0.727352892,0.218218218,0
Burlington_03072023_CityCouncilSouthDistrict.mat,92,YES,LOCAL,R,3,4,0.856632957,0.856632957,89.94646044,54.66983938,51.93337299,,,0.902664894,6.579166069,0.902664894,0.998988878,0.545939082,0.720720721,0.351926678
Corvallis_11082022_CityCouncilWard9.mat,93,NO,LOCAL,R,3,3,0.83195706,0.83195706,92.6507019,89.55408753,86.91164327,,,0.462264135,3.034353526,0.353149461,0.99904489,0.339271373,0.322322322,0.802609833
Corvallis_11082022_Mayor.mat,94,NO,LOCAL,E,3,3,0.788546469,0.788546469,92.3125455,90.90026693,89.49769473,,,0.653834421,4.724487618,0.42908953,0.999887044,0.641703512,0.774774775,0.675359715
Easthampton_11022021_Mayor.mat,95,YES,LOCAL,E,66,4,,0.6785541,78.86948083,35.58951965,32.04754973,22.07666181,0.12130034,0.491269472,5.50908552,0.771895128,0.999624484,0.334231253,4.62818652,10320807963
Eastpointe_11052019_CityCouncil.mat,96,NO,LOCAL,R,4,4,0.593562575,0.6227509,83.34666134,77.04918033,67.93282687,61.29548181,,0.43768595,3.088120138,0.368079036,0.999537037,0.12127231,1.147147147,2.716308038
ElkRidge_11022021_Mayor.mat,97,NO,LOCAL,E,3,3,0.894576012,0.894576012,89.07563025,89.07563025,81.97097021,,,0.474407659,3.617231061,0.474407659,0.998316498,0.644473133,0.768768769,0.666492469
Hawaii_05232020_PresidentoftheUnitedStateCD1.mat,98,DP,FEDERAL,E,11,3,,0.71617637,78.09092779,49.43427278,27.23719399,9.236782555,8.935061373,0.176379814,8.839307099,0.176379814,0.999881922,0.03315999,1.191191191,5255.093617
Hawaii_05232020_PresidentoftheUnitedStateCD1CD2.mat,99,DP,FEDERAL,E,11,3,,0.747941446,75.94064501,52.77904849,26.61539341,12.30272187,7.450823422,0.012828464,10.79045421,0.012828464,0.999945858,0.561372465,0.26026026,2038.899646
Hawaii_05232020_PresidentoftheUnitedStateCD2.mat,100,DP,FEDERAL,E,11,3,,0.727553572,74.40298142,55.17089197,26.17074486,14.71093022,7.585936351,0.822406308,43.76969151,0.018522148,0.999911731,0.210932755,5.498702532,424.7448313
Kansas_05022020_PRESIDENTOFTHEUNITEDSTATES.mat,101,DP,FEDERAL,E,5,5,0.69377258,0.604950367,92.99695875,62.81781751,62.22861769,34.41988311,27.41480075,0.799628758,1.640246915,0.799628758,0.999988399,0.393870148,0.624624625,4.986222497
LasCruces_11052019_COUNCILORPOSITION2CITYOFLASCRUCESDISTRICT2COUNCILOR.mat,102,NO,LOCAL,R,4,4,0.632,0.655111111,74.04444444,66.8,60.97777778,48.48888889,,0.551282588,3.871858909,0.551282588,0.999156118,0.602617183,1.045045045,2.875905615
LasCruces_11052019_COUNCILORPOSITION4CITYOFLASCRUCESDISTRICT4COUNCILOR.mat,103,NO,LOCAL,R,3,3,0.859615385,0.755769231,80.83333333,73.46153846,73.14102564,,,0.747515572,3.517559566,0.747515572,0.998913043,0.419249424,0.730730731,0.601744353
LasCruces_11052019_MAYORCITYOFLASCRUCES.mat,104,NO,LOCAL,E,10,0,,0.341229193,73.51685873,62.39863423,55.00782473,47.68103571,47.31825295,0.785614738,3.535195012,0.671086207,0.999753998,0.49905648,2.063063063,107.1029635
Maine_06122018_DemocraticPrimaryforCD2.mat,105,NO,FEDERAL,R,4,5,0.694512424,0.676191106,81.94104548,79.38796658,57.80364663,41.8325727,,0.548796721,5.262149731,0.548796721,0.999952759,0.347245868,0.741741742,1.748941546
Maine_06122018_DemocraticPrimaryforGovernor.mat,106,DP,STATE,E,7,8,0.303228417,0.311638646,79.81703785,74.06237851,70.53404953,69.47880384,51.26907178,0.610349694,1.872804095,0.627233956,0.999968162,0.192436719,0.678678679,20.14544776
Maine_07142020_DemocraticCandidateforMaineStateHouseDistrict41.mat,107,DP,STATE,R,3,3,0.839540412,0.788431062,90.68938193,88.07448494,77.81299525,,,0.553058377,3.845660695,0.368799337,0.999076639,0.285693794,0.778778779,0.844202532
Maine_07142020_DemocraticCandidateforMaineStateHouseDistrict47.mat,108,DP,STATE,R,3,3,0.794471154,0.794471154,88.10096154,85.53685897,82.8525641,,,0.428726429,3.540957123,0.428726429,0.999158957,0.544116616,0.742742743,0.848448006
Maine_07142020_DemocraticCandidateforMaineStateHouseDistrict49.mat,109,DP,STATE,R,3,3,0.775322284,0.735267035,86.32596685,82.18232044,81.30755064,,,0.623891562,3.382811017,0.623891562,0.999087591,0.664938132,0.728728729,0.810298428
Maine_07142020_DemocraticCandidateforMaineStateHouseDistrict90.mat,110,DP,STATE,R,3,3,0.872350912,0.77821587,88.86150813,87.38294726,77.13159192,,,0.533813667,3.381316252,0.533813667,0.99909991,0.492282206,0.648648649,0.710029882
Maine_07142020_DemocraticCandidateforMaineStateSenateDistrict11.mat,111,DP,STATE,R,3,3,0.790816327,0.749433107,89.1723356,82.61526833,82.52078609,,,0.496535999,2.115952476,0.613147133,0.999618321,0.508685012,0.346346346,0.873268809
Maine_07142020_RepublicanCandidateforUSHouseofRepresentativesDistrict2.mat,112,NO,FEDERAL,R,3,3,0.848793606,0.848793606,80.46096739,70.9158744,66.50695049,,,0.468700872,3.327861146,0.468700872,0.999969298,0.584697793,0.636636637,0.783957723
Maine_11062018_CongressionalDistrict2.mat,113,YES,FEDERAL,R,4,5,0.784114369,0.791052184,65.35504172,62.19459657,45.35669604,41.27327683,,0.91729949,2.157817728,0.91729949,0.999995277,0.880427826,0.351351351,0.851287001
Maine_11082022_CongressionalDistrict2.mat,114,YES,FEDERAL,R,3,4,0.934384502,0.934384502,63.40318694,62.49952688,49.72369766,,,0.910765913,6.538217886,0.88478998,0.99999512,0.407358897,0.810810811,0.028713958
Minneapolis_08112020_Ward6CityCouncilSpecialElection.mat,115,NO,LOCAL,R,12,3,,0.685729072,38.87954457,32.09988356,25.13908656,19.92495795,15.50006469,0.222105143,5.490782632,0.232488582,0.999800678,0.517975521,1.211211211,101.8372737
Minneapolis_11022021_CityCouncilWard1.mat,116,NO,LOCAL,R,4,3,0.890309026,0.7501532,68.89608684,68.30955091,32.96857218,13.61288628,,0.46258286,4.520815285,0.46258286,0.999849466,0.060995671,1.213213213,3.299114042
Minneapolis_11022021_CityCouncilWard10.mat,117,NO,LOCAL,R,6,3,0.727170131,0.787360105,56.44691056,53.32455563,46.52496943,33.96031224,26.53061224,0.361412915,3.700655833,0.380756807,0.999839021,0.672738271,0.580580581,13.96045893
Minneapolis_11022021_CityCouncilWard11.mat,118,NO,LOCAL,R,5,3,0.808055098,0.81561611,75.55023207,48.36801916,24.18026651,19.70354844,13.63228028,0.417648726,4.171848864,0.29354167,0.999890984,0.132846616,0.468468468,1.567714977
Minneapolis_11022021_CityCouncilWard12.mat,119,NO,LOCAL,R,3,3,0.962597911,0.962597911,80.92689295,50.50261097,27.30417755,,,0.453495112,3.559915051,0.329038267,0.999913599,0.051848958,0.754754755,0.107812244
Minneapolis_11022021_CityCouncilWard13.mat,120,NO,LOCAL,R,5,3,0.876708999,0.87354925,81.06580786,47.65145531,21.35261591,14.92374066,13.58084706,0.756249997,2.127024003,0.756249997,0.999899376,0.171189423,0.512512513,2.286347304
Minneapolis_11022021_CityCouncilWard2.mat,121,NO,LOCAL,R,5,3,0.708118895,0.762524945,62.03129923,57.86156916,54.09095683,38.15775654,9.190211112,0.594574697,6.54049336,0.616922616,0.999747155,0.100629144,1.957957958,37.7415739
Minneapolis_11022021_CityCouncilWard3.mat,122,NO,LOCAL,R,4,3,0.834935416,0.789726645,68.30129168,55.95524181,43.03844998,19.60799039,,0.4896005,4.938585464,0.530035071,0.999860627,0.06634166,1.405405405,0.812205437
Minneapolis_11022021_CityCouncilWard4.mat,123,NO,LOCAL,R,3,3,0.960789728,0.823415712,80.87808919,57.97321552,38.83749827,,,0.634930165,2.150287176,0.70937541,0.99980985,0.437525436,0.724724725,0.439559716
Minneapolis_11022021_CityCouncilWard5.mat,124,NO,LOCAL,R,7,3,0.693978102,0.570985401,54.12408759,50.65693431,44.9270073,22.51824818,20.51094891,0.350288978,2.777255164,0.350288978,0.999679693,0.95301351,0.468468468,34.81123898
Minneapolis_11022021_CityCouncilWard6.mat,125,NO,LOCAL,R,2,3,1,1,70.11365455,56.3310389,,,,0.9353077,4.168065284,0.9353077,0.999808392,0.350626213,0.231231231,0
Minneapolis_11022021_CityCouncilWard7.mat,126,NO,LOCAL,R,4,3,0.792345487,0.886733902,74.69183691,43.4186708,32.9195759,24.58408758,,0.556367855,2.912015369,0.414085467,0.999886583,0.019525343,0.60960961,1.765471941
Minneapolis_11022021_CityCouncilWard8.mat,127,NO,LOCAL,R,2,3,1,1,88.29827554,18.55220769,,,,0.977299239,,,,,,0
Minneapolis_11022021_CityCouncilWard9.mat,128,NO,LOCAL,R,8,3,,0.731010766,67.88277512,33.59748804,24.85047847,19.39294258,18.39114833,0.612688341,3.586500264,0.5648479,0.999759152,0.010849386,2.361361361,34.33069437
Minneapolis_11022021_Mayor.mat,129,NO,LOCAL,E,18,3,,0.725366599,55.95385364,47.84349156,41.35798179,19.68378623,12.35249149,0.244569596,3.081378484,0.950964652,0.999985008,0.175310059,0.282791773,1419212011
Minneapolis_11022021_ParkBoardAtLarge.mat,130,NO,LOCAL,B,7,3,0.596266913,0.547817812,50.34296913,38.59344967,35.05069159,34.39019334,25.04993781,0.48218847,2.798425598,0.486148037,0.99998077,0.645751484,0.570570571,7.406790111
Minneapolis_11022021_ParkBoardDistrict2.mat,131,NO,LOCAL,B,3,3,0.829797134,0.806625721,67.43904709,64.4332775,62.81407035,,,0.641805124,2.773814432,0.641805124,0.99985172,0.657586254,0.328328328,0.723276071
Minneapolis_11022021_ParkBoardDistrict3.mat,132,NO,LOCAL,B,3,3,0.903329824,0.903329824,72.38088971,44.30771256,40.2276915,,,0.780988993,3.342078517,0.780988993,0.999920767,0.306382835,0.966966967,0.508824123
Minneapolis_11022021_ParkBoardDistrict4.mat,133,NO,LOCAL,B,2,3,1,1,74.77126222,56.59180703,,,,0.904336453,,,,,,0
Minneapolis_11022021_ParkBoardDistrict5.mat,134,NO,LOCAL,B,3,3,0.917492352,0.868590475,78.2384366,54.59568056,36.30884435,,,0.689333127,4.389404998,0.689333127,0.999932578,0.584850599,0.39039039,0.32764255
Minneapolis_11022021_ParkBoardDistrict6.mat,135,NO,LOCAL,B,4,3,0.750388294,0.740292651,57.66369656,54.08321753,45.28733753,44.93174201,,0.594368113,2.364991995,0.594368113,0.999934858,0.954205108,0.297297297,0.250739804
Minneapolis_11052013_Mayor.mat,136,NO,LOCAL,E,35,3,,0.514412054,62.51480259,51.45758271,42.02927763,22.49615763,18.82133589,0.036211293,22.04011029,0.221341304,0.999958946,0.19933348,1.055055055,2131652800
Minneapolis_11052013_PRBoardDistrict2.mat,137,NO,LOCAL,B,2,3,1,1,85.1445663,59.75407112,,,,0.858325065,3.183996167,0.889583162,0.999770537,0.860732359,0.245245245,0
Minneapolis_11052013_PRBoardDistrict6.mat,138,NO,LOCAL,B,2,3,1,1,82.65090139,63.3676374,,,,0.881611157,,,,,,9.30E-35
Minneapolis_11052013_Ward13CityCouncil.mat,139,NO,LOCAL,R,5,3,0.817503587,0.531516021,79.79913917,77.88617886,60.81300813,16.65231946,8.225729316,0.811468987,1.978429498,0.673044622,0.999756987,0.430375033,0.536536537,22.52696833
Minneapolis_11052013_Ward5CityCouncil.mat,140,NO,LOCAL,R,4,3,0.72766323,0.73024055,78.35051546,63.1443299,58.04696449,23.59679267,,0.574087097,2.124591503,0.552870428,0.999478079,0.549882234,0.540540541,1.050006406
Minneapolis_11052013_Ward9CityCouncil.mat,141,NO,LOCAL,R,6,3,0.677791116,0.609843938,73.54141657,63.21728691,30.32412965,26.53061224,24.75390156,0.280486769,5.186511114,0.324042938,0.999358563,0.31680341,0.725725726,9.411797554
Minneapolis_11062009_Mayor.mat,142,NO,LOCAL,E,11,3,,0.813208761,82.04877832,21.61514392,21.45092208,21.32442689,7.756152771,0.334072329,9.372958174,0.504953742,0.999964554,0.096185742,4.884884885,177.7050073
Minneapolis_11062009_PRBoardDistrict1.mat,143,NO,LOCAL,B,3,3,0.937403267,0.903009458,85.03869304,39.6044712,31.88306105,,,0.840132145,2.0012419,0.798812455,0.999797242,0.217625315,0.322322322,0.61812264
Minneapolis_11062009_PRBoardDistrict2.mat,144,NO,LOCAL,B,2,3,1,1,73.23332017,61.64626925,,,,0.895182525,3.191587488,0.895182525,0.999757869,0.624791941,0.238238238,0
Minneapolis_11062009_PRBoardDistrict3.mat,145,NO,LOCAL,B,2,3,1,1,83.60655738,42.26101767,,,,0.9477802,4.69383611,0.9477802,0.999747411,0.625413076,0.245245245,0
Minneapolis_11062009_PRBoardDistrict5.mat,146,NO,LOCAL,B,5,3,0.762794268,0.830348004,61.82190379,55.4247697,46.43039918,15.77533265,8.303480041,0.442051125,2.491956444,0.43482826,0.999800876,0.377546685,0.916916917,6.252276117
Minneapolis_11062009_PRBoardDistrict6.mat,147,NO,LOCAL,B,4,3,0.851339983,0.844610023,63.9706766,63.38180507,31.21019108,15.97163802,,0.166514855,4.29732758,0.166514855,0.999810175,0.033476635,0.960960961,2.422205907
Minneapolis_11062009_Ward10CityCouncil.mat,148,NO,LOCAL,R,4,3,0.805655836,0.881167268,85.46931408,39.2599278,32.22021661,26.98555957,,0.277693077,5.357556607,0.573908376,0.999579832,0.584093945,0.447447447,0.855566322
Minneapolis_11062009_Ward11CityCouncil.mat,149,NO,LOCAL,R,3,3,0.972229172,0.943457593,81.48611459,55.46659995,27.42056542,,,0.828501839,8.879704162,0.828501839,0.999697153,0.053656483,1.029029029,0.173979693
Minneapolis_11062009_Ward12CityCouncil.mat,150,NO,LOCAL,R,4,3,0.855656973,0.836765018,77.86032689,45.48928041,35.95839525,15.62300998,,0.693726912,5.161388103,0.621436785,0.999662846,0.253892443,0.564564565,0.284849572
Minneapolis_11062009_Ward13CityCouncil.mat,151,NO,LOCAL,R,3,3,0.928404149,0.928404149,79.00635664,43.91100703,35.0284376,,,0.565115049,2.731733932,0.565115049,0.999760192,0.04224339,0.644644645,0.458125302
Minneapolis_11062009_Ward1CityCouncil.mat,152,NO,LOCAL,R,5,3,0.812247984,0.783014113,70.3125,47.25302419,47.02620968,17.3891129,16.6078629,0.455099307,5.761743254,0.485132015,0.999623919,0.62716653,0.760760761,6.415107272
Minneapolis_11062009_Ward2CityCouncil.mat,153,NO,LOCAL,R,2,3,1,1,89.01345291,27.31689088,,,,0.937428135,,,,,,0
Minneapolis_11062009_Ward3CityCouncil.mat,154,NO,LOCAL,R,4,3,0.901781635,0.883965281,80.72179077,47.73869347,18.2731841,15.21242577,,0.256178487,6.135325148,0.357855252,0.999435666,0.648370759,0.351351351,0.448334756
Minneapolis_11062009_Ward4CityCouncil.mat,155,NO,LOCAL,R,4,3,0.764563107,0.743021845,66.80825243,55.82524272,40.74635922,31.06796117,,0.704064642,4.303776186,0.641234082,0.999483204,0.464640515,1.792792793,1.26158168
Minneapolis_11062009_Ward5CityCouncil.mat,156,NO,LOCAL,R,5,3,0.744110855,0.707621247,64.01847575,58.66050808,48.54503464,23.41801386,11.40877598,0.197419865,4.937167596,0.213144011,0.999122807,0.023669468,1.225225225,3.648895178
Minneapolis_11062009_Ward6CityCouncil.mat,157,NO,LOCAL,R,6,3,0.635373444,0.622925311,68.10165975,38.0186722,33.14315353,31.69087137,22.25103734,0.235295016,3.151357779,0.305760857,0.999,0.999079638,0.17017017,5.839623619
Minneapolis_11062009_Ward7CityCouncil.mat,158,NO,LOCAL,R,3,3,0.932997942,0.885204665,77.38394695,41.1845415,31.35147496,,,0.906973048,,,,,,0.37132893
Minneapolis_11062009_Ward8CityCouncil.mat,159,NO,LOCAL,R,5,3,0.883284837,0.8066602,88.16682832,52.21467831,22.79340446,16.42418364,9.279017135,0.881463337,7.645746754,0.843149369,0.999402985,0.59922342,2.122122122,2.692859703
Minneapolis_11062009_Ward9CityCouncil.mat,160,NO,LOCAL,R,4,3,0.869361844,0.814567324,80.92215169,61.64383562,29.36852656,22.65285667,,0.446258207,5.24968891,0.499931141,0.999402628,0.635138176,0.357357357,2.38280212
Minneapolis_11072017_Mayor.mat,161,NO,LOCAL,E,18,3,,0.586470053,52.44314645,47.78187389,45.01077225,42.22243501,42.08550773,0.140258756,2.037794182,0.930769063,0.999963899,0.080091451,0.12811739,872009115.1
Minneapolis_11072017_PRBoardDistrict1.mat,162,NO,LOCAL,B,3,3,0.877442024,0.877442024,74.95432186,73.20449754,55.55867885,,,0.597423978,2.194140541,0.597423978,0.99988927,0.849010213,0.298298298,0.509862322
Minneapolis_11072017_PRBoardDistrict2.mat,163,NO,LOCAL,B,2,3,1,1,78.91654466,72.4180651,,,,0.842875292,2.55012619,0.855859059,0.999839589,0.978783994,0.248248248,0
Minneapolis_11072017_PRBoardDistrict3.mat,164,NO,LOCAL,B,3,3,0.932816892,0.932816892,70.26119147,66.07938575,41.29704531,,,0.477572371,4.428113258,0.477572371,0.999909016,0.12997043,0.808808809,0.369128495
Minneapolis_11072017_PRBoardDistrict4.mat,165,NO,LOCAL,B,2,3,1,1,73.5716946,71.37430168,,,,0.858862292,,,,,,0
Minneapolis_11072017_PRBoardDistrict5.mat,166,NO,LOCAL,B,3,3,0.885457921,0.885457921,81.5779703,62.13490099,54.16460396,,,0.321602574,3.79584059,0.321602574,0.999911103,0.21999265,0.630630631,0.920919923
Minneapolis_11072017_PRBoardDistrict6.mat,167,NO,LOCAL,B,4,3,0.821720978,0.867320935,65.96540693,62.82058233,35.82931193,19.05329935,,0.453954328,4.786279726,0.416959344,0.999912945,0.140170335,0.87987988,0.369708896
Minneapolis_11072017_Ward10CityCouncil.mat,168,NO,LOCAL,R,4,3,0.829091389,0.802057233,83.14651193,64.30172755,59.76526441,11.71040485,,0.828388219,1.702308565,0.828388219,0.999803033,0.279379873,0.597597598,9.031042884
Minneapolis_11072017_Ward11CityCouncil.mat,169,NO,LOCAL,R,3,3,0.814867528,0.814867528,79.13291001,76.49441647,72.60783884,,,0.542188899,2.652963052,0.542188899,0.999800359,0.950399161,0.362362362,0.670288621
Minneapolis_11072017_Ward12CityCouncil.mat,170,NO,LOCAL,R,3,3,0.953829494,0.85499114,94.41819256,37.32033865,32.42764324,,,0.879871036,5.064672262,0.742161845,0.999883518,0.306419905,0.688688689,0.813065986
Minneapolis_11072017_Ward13CityCouncil.mat,171,NO,LOCAL,R,2,3,1,1,88.51033626,35.79096797,,,,0.974957566,,,,,,0
Minneapolis_11072017_Ward1CityCouncil.mat,172,NO,LOCAL,R,3,3,0.891907382,0.835969739,82.0609812,76.89133425,50.77945896,,,0.46895736,1.742911665,0.676047801,0.999802917,0.940891302,0.258258258,0.305202099
Minneapolis_11072017_Ward3CityCouncil.mat,173,NO,LOCAL,R,4,3,0.669104587,0.746421482,72.32264131,57.42346672,54.46661791,47.84244071,,0.576624549,3.78248205,0.576624549,0.999791493,0.552250369,0.768768769,1.42578014
Minneapolis_11072017_Ward4CityCouncil.mat,174,NO,LOCAL,R,4,3,0.802548982,0.722084839,69.4502568,66.44474035,58.87388244,21.70439414,,0.539001153,2.415797442,0.539001153,0.999696049,0.942107039,0.873873874,1.552743761
Minneapolis_11072017_Ward5CityCouncil.mat,175,NO,LOCAL,R,4,3,0.749109052,0.660489427,74.74459492,67.07056308,51.60370634,31.62271323,,0.390349529,4.428646629,0.420779658,0.999449642,0.57905434,0.507507508,0.581253434
Minneapolis_11072017_Ward6CityCouncil.mat,176,NO,LOCAL,R,4,3,0.979348579,0.943728344,68.12196812,59.47331947,14.10949411,0.152460152,,0.416927212,7.505845523,0.613361178,0.999831876,0.337441002,0.537537538,465.8157911
Minneapolis_11072017_Ward7CityCouncil.mat,177,NO,LOCAL,R,4,3,0.834617926,0.689715922,79.71812376,65.58026866,50.62761506,16.14181898,,0.516187491,6.702649945,0.656076333,0.999769585,0.089893224,1.51951952,3.092398755
Minneapolis_11072017_Ward8CityCouncil.mat,178,NO,LOCAL,R,4,3,0.896525488,0.724194776,90.02028912,54.97083439,54.65381689,14.21506467,,0.799774599,7.083195724,0.799774599,0.999692969,0.213989046,1.828828829,3.187744287
Minneapolis_11072017_Ward9CityCouncil.mat,179,NO,LOCAL,R,4,3,0.791432202,0.688509711,72.78998003,69.06879651,66.23706662,10.03811944,,0.604277938,5.413618038,0.461061602,0.999573924,0.077474618,1.612612613,7.129530857
Minnetonka_11022021_CityCouncilAtLargeSeatA.mat,180,NO,LOCAL,R,5,3,0.789468805,0.694168907,69.16658941,38.97283767,36.6274219,35.41299713,31.03735978,0.620872396,2.22574961,0.601908919,0.999816075,0.264600327,0.820820821,4.915457323
Minnetonka_11022021_CityCouncilAtLargeSeatB.mat,181,NO,LOCAL,R,5,3,0.781483668,0.819657615,55.51948052,41.61747344,39.07910272,39.06926407,36.9244392,0.742085392,2.733589744,0.554709652,0.999830938,0.420531756,0.840840841,3.120123955
Minnetonka_11022021_Mayor.mat,182,NO,LOCAL,E,2,3,1,1,73.07971672,50.69911022,,,,0.931132636,,,,,,9.39E-35
NewYorkCity_06222021_CONCouncilMember19thCouncilDistrict.mat,183,NO,LOCAL,R,2,3,1,1,94.95798319,40.33613445,,,,0.95537686,1.929954591,0.766275903,0.99122807,0.543875133,0.229229229,0
NewYorkCity_06222021_DEMBoroughPresidentBronx.mat,184,DP,LOCAL,E,5,5,0.572770415,0.594135833,71.65291535,66.680779,55.9458874,50.66853081,38.12988599,0.560722191,2.112198123,0.560722191,0.999981085,0.417827164,0.416416416,5.931238609
NewYorkCity_06222021_DEMBoroughPresidentKings.mat,185,DP,LOCAL,E,12,5,,0.482624229,46.12336141,46.0476944,37.92230138,25.96242217,25.73300256,0.306647211,4.294433795,0.160389323,0.999992782,0.969622347,0.187187187,84.69264402
NewYorkCity_06222021_DEMBoroughPresidentNewYork.mat,186,DP,LOCAL,E,7,5,0.522221848,0.588079325,59.02047104,52.05678356,37.9446474,37.3731082,36.49475598,0.257478424,3.225288251,0.314213906,0.999990989,0.078829111,0.930930931,18.74625647
NewYorkCity_06222021_DEMBoroughPresidentQueens.mat,187,DP,LOCAL,E,3,4,0.870628046,0.870628046,72.69730106,71.62888561,53.71820863,,,0.472807399,3.854286289,0.472807399,0.999992094,0.220257946,0.734734735,0.581073764
NewYorkCity_06222021_DEMBoroughPresidentRichmond.mat,188,DP,LOCAL,E,5,5,0.558555052,0.575502406,76.16756298,59.25559015,50.29719785,45.97367676,43.92867252,0.504962473,4.683810396,0.467087762,0.999925049,0.543951168,0.708708709,7.120186337
NewYorkCity_06222021_DEMComptrollerCitywide.mat,189,DP,LOCAL,O,10,5,,0.507020719,52.66598509,49.16379989,35.26949982,29.15555648,24.8702468,0.216648495,2.754614775,0.364668448,0.99999769,0.079505703,1.045045045,56.52012409
NewYorkCity_06222021_DEMCouncilMember10thCouncilDistrict.mat,190,DP,LOCAL,R,8,5,,0.547625121,71.36880771,60.62445794,52.47181266,25.08545482,23.40186725,0.614477549,2.303183839,0.563719971,0.999895812,0.748664266,1.541541542,23.67445698
NewYorkCity_06222021_DEMCouncilMember11thCouncilDistrict.mat,191,DP,LOCAL,R,7,5,0.47420926,0.520157268,70.28930227,55.54251511,52.40302799,42.79678423,36.08356317,0.640682643,2.85322193,0.386882073,0.999861534,0.838460942,0.462462462,13.34324349
NewYorkCity_06222021_DEMCouncilMember12thCouncilDistrict.mat,192,DP,LOCAL,R,3,4,0.811544894,0.811544894,81.44859005,69.22322819,65.04815178,,,0.613970832,2.778025424,0.655090958,0.999893628,0.696957823,0.344344344,0.827479445
NewYorkCity_06222021_DEMCouncilMember13thCouncilDistrict.mat,193,DP,LOCAL,R,5,5,0.631261921,0.623431382,80.01204698,59.27115751,44.06184118,43.0177693,41.66248369,0.663189453,1.717641104,0.795282437,0.999825114,0.410193078,0.608608609,6.460645885
NewYorkCity_06222021_DEMCouncilMember14thCouncilDistrict.mat,194,DP,LOCAL,R,6,5,0.509845437,0.543298751,68.36756299,56.68007622,53.18653398,49.73533771,40.90620368,0.320311149,4.161721006,0.233708983,0.999762921,0.040756347,1.206206206,10.31234663
NewYorkCity_06222021_DEMCouncilMember15thCouncilDistrict.mat,195,DP,LOCAL,R,8,5,,0.492656876,66.56147591,51.30477,48.58599345,40.72096128,32.72241777,0.124855284,3.769329953,0.293821021,0.999722607,0.038075512,1.324324324,28.32185551
NewYorkCity_06222021_DEMCouncilMember16thCouncilDistrict.mat,196,DP,LOCAL,R,4,5,0.7149916,0.723589287,76.08459334,59.62051586,58.73109991,48.2261093,,0.500223288,2.706699672,0.500223288,0.999824869,0.147629439,0.945945946,2.035703979
NewYorkCity_06222021_DEMCouncilMember17thCouncilDistrict.mat,197,DP,LOCAL,R,2,3,1,1,82.01064066,67.76767901,,,,0.850914219,2.6921545,0.858035119,0.999845536,0.836712263,0.248248248,0
NewYorkCity_06222021_DEMCouncilMember18thCouncilDistrict.mat,198,DP,LOCAL,R,8,5,,0.42242178,62.51870857,60.73693963,45.97676573,40.06841993,30.06200556,0.315191225,4.055233279,0.349095421,0.999828031,0.551769816,1.870870871,23.05192148
NewYorkCity_06222021_DEMCouncilMember19thCouncilDistrict.mat,199,DP,LOCAL,R,6,5,0.578955418,0.656113788,66.89607708,58.2855395,52.25969259,38.57918483,24.7533838,0.486187755,2.590496723,0.422114888,0.999850299,0.516506481,0.405405405,8.23203111
NewYorkCity_06222021_DEMCouncilMember1stCouncilDistrict.mat,200,DP,LOCAL,R,9,5,,0.436833188,60.06685288,50.05265809,46.4398553,36.92018865,29.19547598,0.551026011,5.645908675,0.271672007,0.999896276,0.242058598,0.696696697,43.28438462
NewYorkCity_06222021_DEMCouncilMember20thCouncilDistrict.mat,201,DP,LOCAL,R,8,5,,0.519071778,56.95227358,51.06163097,42.56858324,37.9462608,34.93987223,0.444520331,4.386436366,0.41023136,0.999780557,0.871543679,0.854854855,22.1832242
NewYorkCity_06222021_DEMCouncilMember21stCouncilDistrict.mat,202,DP,LOCAL,R,5,5,0.657259833,0.609884486,76.57552274,54.37929522,49.84646878,40.9855242,38.06112005,0.708046733,4.697619993,0.672020705,0.999705449,0.660263447,1.177177177,5.780243991
NewYorkCity_06222021_DEMCouncilMember22ndCouncilDistrict.mat,203,DP,LOCAL,R,6,5,0.595776122,0.536789607,74.85992242,68.45021858,40.28077089,39.33871067,29.21618127,0.231737559,4.208645911,0.225828135,0.999858417,0.821281856,0.720720721,8.610100809
NewYorkCity_06222021_DEMCouncilMember23rdCouncilDistrict.mat,204,DP,LOCAL,R,7,5,0.517057827,0.547483668,61.12388096,51.3972901,42.87442536,41.69489475,35.86982821,0.290825438,3.926831697,0.298734935,0.999863425,0.789788594,0.636636637,16.85438919
NewYorkCity_06222021_DEMCouncilMember24thCouncilDistrict.mat,205,DP,LOCAL,R,4,5,0.715095465,0.687649165,78.41587112,47.89677804,43.57100239,43.15334129,,0.870989769,4.892360461,0.898534329,0.999879242,0.473930541,0.75975976,2.876381952
NewYorkCity_06222021_DEMCouncilMember25thCouncilDistrict.mat,206,DP,LOCAL,R,8,5,,0.550345012,51.10872915,50.87425471,46.40584176,37.27473705,30.990822,0.595418999,6.286432381,0.617848861,0.999851146,0.486854278,0.784784785,29.20318387
NewYorkCity_06222021_DEMCouncilMember26thCouncilDistrict.mat,207,DP,LOCAL,R,15,5,,0.315592748,51.41980474,39.24128312,33.05439331,30.39888424,29.82984658,0.215191072,3.706994755,0.253235079,0.99980916,0.49473761,1.317317317,183.3602259
NewYorkCity_06222021_DEMCouncilMember27thCouncilDistrict.mat,208,DP,LOCAL,R,12,5,,0.323457395,67.91870715,39.57394711,38.65817826,31.64054848,28.51126347,0.252511409,3.344563948,0.244347382,0.999848117,0.057044045,3.644644645,71.13128041
NewYorkCity_06222021_DEMCouncilMember28thCouncilDistrict.mat,209,DP,LOCAL,R,3,4,0.941679738,0.829316983,77.09254242,59.81748182,57.82831884,,,0.851218331,1.709600142,0.851218331,0.999897886,0.854448414,0.242242242,0.42688047
NewYorkCity_06222021_DEMCouncilMember29thCouncilDistrict.mat,210,DP,LOCAL,R,9,5,,0.391103847,55.47837254,43.24908061,38.55583445,33.10373008,32.35070924,0.444546526,3.076825917,0.419800121,0.999855908,0.372502013,2.930930931,39.29381078
NewYorkCity_06222021_DEMCouncilMember2ndCouncilDistrict.mat,211,DP,LOCAL,R,2,3,1,1,84.72621122,52.40359716,,,,0.930590939,,,,,,0
NewYorkCity_06222021_DEMCouncilMember30thCouncilDistrict.mat,212,DP,LOCAL,R,2,3,1,1,69.14571816,62.24053406,,,,0.902650489,3.352089833,0.908951368,0.99987423,,,0
NewYorkCity_06222021_DEMCouncilMember31stCouncilDistrict.mat,213,DP,LOCAL,R,3,4,0.903445688,0.845100369,85.96085298,54.83709587,51.56025264,,,0.776212283,3.726988378,0.730961841,0.999918447,0.532121395,0.684684685,0.72291862
NewYorkCity_06222021_DEMCouncilMember32ndCouncilDistrict.mat,214,DP,LOCAL,R,6,5,0.594168868,0.551315918,61.31493983,61.25623716,37.41316897,36.85549359,35.09441346,0.20931858,3.659880669,0.206579947,0.999816514,0.420526363,0.680680681,10.71277966
NewYorkCity_06222021_DEMCouncilMember33rdCouncilDistrict.mat,215,DP,LOCAL,R,8,5,,0.595688532,70.99869765,52.4778943,33.44643224,25.2758928,24.68298033,0.141531574,3.847291908,0.181078046,0.999935671,0.469556514,0.476476476,22.91087114
NewYorkCity_06222021_DEMCouncilMember34thCouncilDistrict.mat,216,DP,LOCAL,R,4,5,0.791887771,0.705763952,90.58249466,40.53064959,37.31625496,33.16864898,,0.810782569,5.68151347,0.810782569,0.999895768,0.191175825,0.561561562,2.379305678
NewYorkCity_06222021_DEMCouncilMember35thCouncilDistrict.mat,217,DP,LOCAL,R,7,5,0.628401214,0.585266655,71.21784957,62.66827061,46.81216704,29.39794925,23.91590766,0.395645972,3.808950369,0.213779239,0.999932065,0.105661363,0.780780781,17.90361874
NewYorkCity_06222021_DEMCouncilMember36thCouncilDistrict.mat,218,DP,LOCAL,R,5,5,0.603252452,0.65259852,65.45775254,63.26794011,53.98812597,49.73756668,30.77353295,0.46667453,4.611101996,0.597155795,0.999916757,0.705611276,0.388388388,5.642915705
NewYorkCity_06222021_DEMCouncilMember37thCouncilDistrict.mat,219,DP,LOCAL,R,6,5,0.595478772,0.558261349,70.52931446,55.69748208,38.42124609,37.81473994,35.44385223,0.567794124,2.53609812,0.701524527,0.999827705,0.037814263,1.536536537,12.09614528
NewYorkCity_06222021_DEMCouncilMember38thCouncilDistrict.mat,220,DP,LOCAL,R,6,5,0.622801948,0.645587385,64.02212499,48.74927764,43.52348716,41.7898126,41.43482209,0.410066557,4.311673184,0.410066557,0.99982865,0.30604956,0.705705706,8.938905251
NewYorkCity_06222021_DEMCouncilMember39thCouncilDistrict.mat,221,DP,LOCAL,R,7,5,0.49068168,0.545482279,62.16096289,57.40473681,57.18564535,41.50535249,34.57207832,0.412480207,4.214998514,0.245913644,0.999923989,0.260485349,1.231231231,17.45626564
NewYorkCity_06222021_DEMCouncilMember3rdCouncilDistrict.mat,222,DP,LOCAL,R,6,5,0.570301266,0.590081717,70.05927121,43.56609266,42.91025146,36.97611616,32.69736611,0.341683792,3.635675753,0.381298211,0.999932093,0.459489812,1.031031031,12.21536923
NewYorkCity_06222021_DEMCouncilMember40thCouncilDistrict.mat,223,DP,LOCAL,R,11,5,,0.447073029,57.72103215,47.47998748,45.38258575,30.90648898,30.62474845,0.341024843,3.887812591,0.239576217,0.99988712,0.6531476,1.191191191,68.98265159
NewYorkCity_06222021_DEMCouncilMember41stCouncilDistrict.mat,224,DP,LOCAL,R,2,3,1,1,77.39401415,72.1482828,,,,0.865017372,,,,,,0
NewYorkCity_06222021_DEMCouncilMember42ndCouncilDistrict.mat,225,DP,LOCAL,R,4,5,0.701139127,0.661141687,75.75195188,70.86266479,50.83194676,44.1827723,,0.650438634,4.469208032,0.650438634,0.999879096,0.891376462,0.492492492,2.574043414
NewYorkCity_06222021_DEMCouncilMember45thCouncilDistrict.mat,226,DP,LOCAL,R,3,4,0.939439543,0.910326933,88.80643487,53.07213285,39.88064349,,,0.734849234,3.833725685,0.668625299,0.999937819,0.428096453,0.594594595,0.189416537
NewYorkCity_06222021_DEMCouncilMember46thCouncilDistrict.mat,227,DP,LOCAL,R,8,5,,0.538832061,61.15711425,47.25334199,41.92239,37.1326514,30.40536884,0.268619733,3.449128501,0.290058174,0.999881671,0.561683644,0.560560561,19.40559064
NewYorkCity_06222021_DEMCouncilMember47thCouncilDistrict.mat,228,DP,LOCAL,R,4,5,0.721640489,0.695587135,70.74295687,62.9394166,43.76714036,43.28097731,,0.702671242,4.598353579,0.669510815,0.999781182,0.385280876,0.540540541,2.572401945
NewYorkCity_06222021_DEMCouncilMember48thCouncilDistrict.mat,229,DP,LOCAL,R,5,5,0.58991085,0.622852794,69.79778213,58.44748858,52.70711024,46.43400739,32.84409654,0.392859242,4.55717164,0.438005243,0.99976884,0.675802362,0.584584585,4.775946386
NewYorkCity_06222021_DEMCouncilMember49thCouncilDistrict.mat,230,DP,LOCAL,R,9,5,,0.412252619,60.72467986,49.51251455,40.99243306,40.10477299,37.24534342,0.253386516,4.249815075,0.218450114,0.999798306,0.714482694,1.009009009,44.37490363
NewYorkCity_06222021_DEMCouncilMember5thCouncilDistrict.mat,231,DP,LOCAL,R,7,5,0.489514066,0.534762935,62.74247492,57.53295298,45.63446783,40.80661027,37.57229982,0.556587085,4.169773376,0.498541825,0.999906235,0.387196986,0.588588589,17.13450389
NewYorkCity_06222021_DEMCouncilMember6thCouncilDistrict.mat,232,DP,LOCAL,R,6,5,0.599477171,0.602801959,78.35334129,44.275526,39.57006167,37.46351615,30.40785767,0.595089465,5.761190218,0.320811706,0.999946106,0.3202679,0.745745746,10.98964068
NewYorkCity_06222021_DEMCouncilMember7thCouncilDistrict.mat,233,DP,LOCAL,R,12,5,,0.415438959,53.08434565,39.13586629,34.92289136,33.72103041,31.00284311,0.484714924,4.995232692,0.399905499,0.99988798,0.743008586,2.004004004,88.21147922
NewYorkCity_06222021_DEMCouncilMember8thCouncilDistrict.mat,234,DP,LOCAL,R,4,5,0.73032843,0.705952788,82.15874102,63.02600068,47.58809442,42.10571331,,0.65425623,5.477743826,0.653033887,0.999840536,0.37340705,0.600600601,2.744153236
NewYorkCity_06222021_DEMCouncilMember9thCouncilDistrict.mat,235,DP,LOCAL,R,13,5,,0.326570349,41.47357763,40.65189454,40.40655789,29.58448538,27.26741696,0.458370038,5.69056287,0.312227479,0.999887184,0.532434853,2.294294294,138.9228411
NewYorkCity_06222021_DEMMayorCitywide.mat,236,DP,LOCAL,E,13,5,,0.347728012,56.42931351,56.16328536,53.52503174,43.74256694,39.39874674,0.219899522,6.61068121,0.089126795,0.999995636,0.005973074,0.912912913,170.5009697
NewYorkCity_06222021_DEMPublicAdvocateCitywide.mat,237,DP,LOCAL,O,3,4,0.917117884,0.874147063,85.0891963,51.0221739,39.60914643,,,0.711345079,2.407012003,0.711345079,0.999998481,0.417198027,0.122122122,0.486221929
NewYorkCity_06222021_REPBoroughPresidentQueens.mat,238,RP,LOCAL,E,2,3,1,1,78.69075787,73.17702732,,,,0.84003156,,,,,,0
NewYorkCity_06222021_REPBoroughPresidentRichmond.mat,239,RP,LOCAL,E,4,5,0.752689817,0.728876651,72.88766509,68.76752843,46.1322727,35.63306308,,0.476579303,2.657770568,0.478236701,0.999915226,0.918115925,0.741741742,1.541707776
NewYorkCity_06222021_REPCouncilMember15thCouncilDistrict.mat,240,RP,LOCAL,R,2,3,1,1,80.79470199,68.87417219,,,,0.793992321,,,,,,0
NewYorkCity_06222021_REPCouncilMember19thCouncilDistrict.mat,241,RP,LOCAL,R,2,3,1,1,75.88339223,71.64310954,,,,0.859388565,2.497453403,0.85470712,0.999612853,0.979159464,0.237237237,0
NewYorkCity_06222021_REPCouncilMember23rdCouncilDistrict.mat,242,RP,LOCAL,R,2,3,1,1,83.30046022,67.38987508,,,,0.82732997,1.972452613,0.82732997,0.999233716,,,0
NewYorkCity_06222021_REPCouncilMember24thCouncilDistrict.mat,243,RP,LOCAL,R,2,3,1,1,79.41176471,71.73913043,,,,0.85987139,,,,,,0
NewYorkCity_06222021_REPCouncilMember32ndCouncilDistrict.mat,244,RP,LOCAL,R,2,3,1,1,89.76405274,49.82650937,,,,0.829916625,5.221203547,0.95671117,0.999485332,0.695055542,0.239239239,0
NewYorkCity_06222021_REPCouncilMember50thCouncilDistrict.mat,245,RP,LOCAL,R,5,5,0.676007005,0.7117338,60.58377116,57.27962639,50.9048453,34.20899008,29.27028605,0.24336581,2.432076579,0.449045718,0.999806576,0.463307986,0.792792793,6.403470407
NewYorkCity_06222021_REPMayorCitywide.mat,246,RP,LOCAL,E,2,3,1,1,86.56744344,63.4359585,,,,0.889586234,,,,,,0
Oakland_11022010_CityAuditor.mat,247,NO,LOCAL,O,2,3,1,1,88.30886295,70.33344331,,,,0.803124395,,,,,,0
Oakland_11022010_CityCouncilDistrict2.mat,248,NO,LOCAL,E,2,3,1,1,83.26587681,67.87107219,,,,0.87346919,2.917913068,0.87346919,0.999888716,,,0
Oakland_11022010_CityCouncilDistrict4.mat,249,NO,LOCAL,R,7,3,0.57883946,0.519906547,67.80145902,55.73833023,35.1499547,33.34763744,23.21079483,0.174226528,4.307261857,0.16617243,0.999888331,0.139566448,1.753753754,11.29175909
Oakland_11022010_CityCouncilDistrict6.mat,250,NO,LOCAL,R,3,3,0.828877836,0.773624495,86.22163506,68.86073982,67.97482126,,,0.732279156,1.870319578,0.732279156,0.999881867,0.907714346,0.378378378,0.474073306
Oakland_11022010_Mayor.mat,251,NO,LOCAL,E,10,3,,0.42566382,62.54699798,58.14464515,54.85353341,38.62690707,14.09772237,0.250249489,7.3008572,0.257268465,0.999978611,0.34143262,1.846846847,32.79004429
Oakland_11022010_SchoolDirectorDistrict4.mat,252,NO,LOCAL,B,2,3,1,1,87.78771364,67.69141224,,,,0.811283748,,,,,,0
Oakland_11032020_CityAttorneyOaklandRCV.mat,253,NO,LOCAL,O,2,5,1,1,92.84720131,70.68267161,,,,0.896147663,,,,,,9.45E-35
Oakland_11032020_MemberCityCouncilAtLargeOaklandRCV.mat,254,NO,LOCAL,R,3,5,0.856818206,0.856818206,84.34036641,78.69936562,63.57771387,,,0.437586306,4.27442282,0.514832942,0.999991639,0.633198153,0.578578579,0.886489779
Oakland_11032020_MemberCityCouncilDist1OaklandRCV.mat,255,NO,LOCAL,R,3,5,0.809975603,0.795283275,88.18650041,71.26592573,67.22146923,,,0.580144541,3.069769699,0.593392944,0.999944435,0.349899573,0.39039039,0.935286773
Oakland_11032020_MemberCityCouncilDist3OaklandRCV.mat,256,NO,LOCAL,R,6,5,0.500373171,0.397962164,79.02780933,63.3221923,50.34234351,48.62900347,39.27702242,0.532890543,2.214143156,0.532890543,0.999921092,0.517964093,0.980980981,11.19667565
Oakland_11032020_MemberCityCouncilDist5OaklandRCV.mat,257,NO,LOCAL,R,3,5,0.836731246,0.836731246,82.77202073,79.33093039,71.29984231,,,0.586524514,4.612512516,0.586524514,0.999911598,0.723646295,0.786786787,0.513536375
Oakland_11032020_MemberCityCouncilDist7OaklandRCV.mat,258,NO,LOCAL,R,5,5,0.372714773,0.363446555,77.46600805,72.42959719,69.55746805,67.31170749,63.81320976,0.597338096,2.810256434,0.597338096,0.999855825,0.524370299,0.812812813,8.085247923
Oakland_11032020_SchoolDirectorDist1OaklandRCV.mat,259,NO,LOCAL,B,3,5,0.926570385,0.926570385,88.53024767,70.9819616,69.54643002,,,0.495625684,2.582520404,0.434495534,0.999947622,0.286710625,0.25025025,0.408132465
Oakland_11032020_SchoolDirectorDist3OaklandRCV.mat,260,NO,LOCAL,B,5,5,0.508408797,0.478060208,82.71389112,69.1654138,66.26341736,53.90720604,53.80581099,0.592656194,2.999445659,0.653696084,0.999897151,0.536025203,1.66966967,6.103376013
Oakland_11032020_SchoolDirectorDist5OaklandRCV.mat,261,NO,LOCAL,B,4,5,0.585704291,0.605293843,82.74253731,73.60657649,68.55760261,63.16464552,,0.50695825,4.251131146,0.488940018,0.999864865,0.854602342,0.456456456,2.625795608
Oakland_11032020_SchoolDirectorDist7OaklandRCV.mat,262,NO,LOCAL,B,5,5,0.428322725,0.380991241,75.90446657,75.38218813,68.32598879,66.16070943,65.51874218,0.713971263,3.575929176,0.697621408,0.999841043,0.610390309,0.884884885,7.00104671
Oakland_11042014_CityAuditor.mat,263,NO,LOCAL,O,2,3,1,1,89.5464804,62.32521781,,,,0.911809311,,,,,,0
Oakland_11042014_CityCouncilDistrict2.mat,264,NO,LOCAL,R,5,3,0.614517318,0.662785556,65.41635962,60.37582903,54.06779661,40.79587325,12.32129698,0.210534719,6.221733184,0.31538781,0.999841772,0.033079644,1.785785786,4.646082774
Oakland_11042014_CityCouncilDistrict4.mat,265,NO,LOCAL,R,3,3,0.920180638,0.900649167,88.08354502,72.38498448,51.73017217,,,0.510484017,4.377018495,0.510484017,0.999890675,0.126582023,0.802802803,0.143289251
Oakland_11042014_CityCouncilDistrict6.mat,266,NO,LOCAL,R,5,3,0.629851547,0.672062243,61.71525666,60.25755679,52.67394026,46.9325702,0.947952066,0.069415646,6.611828769,0.171547674,0.999811178,0.128775969,1.041041041,1416.223773
Oakland_11042014_Mayor.mat,267,NO,LOCAL,E,16,3,,0.554597533,56.39626958,41.845074,35.16139754,33.13879602,32.64805365,0.105439826,9.545570669,0.105441234,0.999970606,0.000451382,5.720720721,237970036.3
Oakland_11042014_SchoolDirectorDistrict2.mat,268,NO,LOCAL,B,2,3,1,1,89.06436742,56.67577258,,,,0.919683909,3.70032799,0.919683909,0.99987308,,,9.52E-35
Oakland_11042014_SchoolDirectorDistrict4.mat,269,NO,LOCAL,B,4,3,0.678810409,0.709789343,70.83643123,67.60842627,56.78438662,31.57372986,,0.619158565,2.034105236,0.619158565,0.999881292,0.803079289,0.54954955,1.091692653
Oakland_11042014_SchoolDirectorDistrict6.mat,270,NO,LOCAL,B,2,3,1,1,81.05688709,70.55539513,,,,0.852013694,2.56823308,0.852013694,0.99986426,0.841961042,0.248248248,0
Oakland_11062012_CityAttorney.mat,271,NO,LOCAL,O,2,3,1,1,86.39797719,60.37186705,,,,0.848353954,,,,,,0
Oakland_11062012_CityCouncilAtLarge.mat,272,NO,LOCAL,R,5,3,0.678283458,0.62986977,68.13036852,53.79398725,52.09199224,31.27944029,19.03366584,0.553477302,2.7301157,0.473625846,0.999986902,0.443287349,0.552552553,1.913824997
Oakland_11062012_CityCouncilDistrict1.mat,273,NO,LOCAL,R,7,3,0.561115382,0.603256692,61.35299462,56.95366553,47.10671605,21.49695996,19.2501223,0.215146851,4.428415125,0.230102622,0.999923972,0.953292648,1.177177177,9.634343844
Oakland_11062012_CityCouncilDistrict3.mat,274,NO,LOCAL,R,6,3,0.532683148,0.532229531,57.46427761,49.2447267,48.88183262,35.49557723,29.06327966,0.346294779,3.640615845,0.289398873,0.999892323,0.822416187,0.730730731,4.81617188
Oakland_11062012_CityCouncilDistrict5.mat,275,NO,LOCAL,R,4,3,0.676801702,0.724758443,68.2918181,62.00691428,48.24040422,38.27674852,,0.323094504,3.793429881,0.280476361,0.999832552,0.844873922,0.483483483,1.783856894
Oakland_11062012_CityCouncilDistrict7.mat,276,NO,LOCAL,R,3,3,0.868008799,0.868008799,81.66788881,68.95540297,57.4895007,,,0.603978185,3.461488831,0.615302587,0.999875715,0.768426096,0.34034034,0.47998885
Oakland_11062012_SchoolDirectorDistrict1.mat,277,NO,LOCAL,B,2,3,1,1,86.78048967,56.95733547,,,,0.929048396,,,,,,0
Oakland_11062012_SchoolDirectorDistrict3.mat,278,NO,LOCAL,B,3,3,0.813959132,0.760374703,79.34766782,70.09173421,67.05334175,,,0.625446589,2.735469552,0.616421037,0.999908809,0.736832532,0.356356356,0.842371998
Oakland_11062012_SchoolDirectorDistrict5.mat,279,NO,LOCAL,B,2,3,1,1,78.36534086,70.12833349,,,,0.853576222,2.541722203,0.853576222,0.999878758,0.918491978,0.248248248,0
Oakland_11062012_SchoolDirectorDistrict7.mat,280,NO,LOCAL,B,2,3,1,1,79.57304013,71.16949879,,,,0.854194348,,,,,,4.73E-35
Oakland_11062018_CityAuditor.mat,281,NO,LOCAL,O,2,3,1,1,85.76339541,58.62656537,,,,0.880886414,,,,,,0
Oakland_11062018_CityCouncilDistrict2.mat,282,NO,LOCAL,R,3,3,0.931546627,0.931546627,80.95872804,74.44661303,52.14452325,,,0.414681901,2.611251913,0.414681901,0.999931413,0.771233369,0.338338338,0.622003446
Oakland_11062018_CityCouncilDistrict4.mat,283,NO,LOCAL,R,7,3,0.600102873,0.541742502,64.66724697,63.25868481,54.80335523,22.25607344,15.53770673,0.537241355,2.305586734,0.62321965,0.999912242,0.063472613,1.489489489,14.19183622
Oakland_11062018_CityCouncilDistrict6.mat,284,NO,LOCAL,R,5,3,0.573192535,0.652084032,64.88993184,53.71549894,48.22885239,39.08816628,36.36719187,0.489223083,3.239798643,0.489223083,0.999900259,0.973455406,0.572572573,1.998901165
Oakland_11062018_Mayor.mat,285,NO,LOCAL,E,10,3,,0.634331405,70.32668162,56.66585012,54.5145628,13.1376133,10.3155012,0.735632181,2.063100589,0.598724725,0.999987855,0.575940509,0.45045045,42.65653388
Oakland_11062018_SchoolDirectorDistrict4.mat,286,NO,LOCAL,B,2,3,1,1,74.66347713,66.58692832,,,,0.866366335,,,,,,0
Oakland_11062018_SchoolDirectorDistrict6.mat,287,NO,LOCAL,B,2,3,1,1,98.83073889,1.817285342,,,,0.989539478,,,,,,0
Oakland_11082016_CityCouncilDistrict1.mat,288,NO,LOCAL,R,2,3,1,1,89.63127699,45.89698962,,,,0.857532245,,,,,,0
Oakland_11082016_CityCouncilDistrict3.mat,289,NO,LOCAL,R,2,3,1,1,75.50599459,74.61647544,,,,0.837360601,,,,,,0
Oakland_11082016_CityCouncilDistrict5.mat,290,NO,LOCAL,R,2,3,1,1,79.30513595,67.52985182,,,,0.86650621,,,,,,0
Oakland_11082016_CityCouncilDistrict7.mat,291,NO,LOCAL,R,3,3,0.837565063,0.837565063,82.65202488,67.68439761,63.13952012,,,0.677710845,2.032530676,0.677710845,0.999906139,0.844302435,0.356356356,0.615891862
Oakland_11082016_CouncilAtLrg.mat,292,NO,LOCAL,R,5,3,0.675586992,0.603578922,78.16159943,57.92337818,56.54548058,22.50213253,20.24444763,0.338024922,5.738870753,0.45747898,0.999985227,0.603915076,1.081081081,2.911368049
Oakland_11082016_SchoolDirectorDistrict1.mat,293,NO,LOCAL,B,2,3,1,1,84.3668758,51.66210267,,,,0.945827137,,,,,,0
Oakland_11082016_SchoolDirectorDistrict3.mat,294,NO,LOCAL,B,5,3,0.726066562,0.674603529,69.31427295,68.78713424,64.20370784,22.56868439,0.236765691,0.145921211,3.894013549,0.145921211,0.999907193,0.448094189,0.428428428,10672.49757
Oakland_11082016_SchoolDirectorDistrict5.mat,295,NO,LOCAL,B,4,3,0.777935996,0.760173874,67.87828824,65.48752155,42.14194709,36.65592445,,0.354408117,3.035842492,0.354408117,0.999858697,0.650913387,0.324324324,0.169321078
Oakland_11082016_SchoolDirectorDistrict7.mat,296,NO,LOCAL,B,2,3,1,1,83.35563286,66.53732941,,,,0.837518986,,,,,,0
Oakland_11082022_CityCouncilmemberDistrict4.mat,297,NO,LOCAL,R,2,5,1,1,85.1938599,65.89074661,,,,0.830971042,,,,,,0
Oakland_11082022_CityCouncilmemberDistrict6.mat,298,NO,LOCAL,R,4,5,0.640639762,0.58320961,90.2753408,56.28964773,51.8288568,51.78161695,,0.826189365,4.047702496,0.826189365,0.999878464,0.081309228,1.960960961,2.767013021
Oakland_11082022_Mayor.mat,299,NO,LOCAL,E,10,5,,0.396100536,63.55404685,63.09699269,44.79993101,40.61510239,39.52068111,0.261808139,6.010988539,0.272597425,0.999967373,0.372569657,0.90990991,100.2948149
Oakland_11082022_Schoolboarddistrict2.mat,300,NO,LOCAL,B,3,5,0.95417522,0.95417522,84.48447123,70.29335806,60.10860208,,,0.431415417,2.558544078,0.429487822,0.999895376,0.903850063,0.332332332,0.36280526
Oakland_11082022_Schoolboarddistrict4.mat,301,NO,LOCAL,B,3,5,0.798392574,0.798392574,72.56433477,71.56441023,69.97207758,,,0.673178473,3.130848757,0.673178473,0.999934288,0.859844723,0.674674675,0.681279942
Oakland_11082022_Schoolboarddistrict6.mat,302,NO,LOCAL,B,3,5,0.899346405,0.899346405,81.48606811,74.39284486,63.1372549,,,0.370221569,3.733351268,0.370221569,0.999874922,0.97625185,0.35035035,0.515160951
Payson_11052019_CityCouncil.mat,303,YES,LOCAL,R,5,5,0.288008965,0.289503175,92.08068734,90.21292492,87.22450504,82.06948076,78.7075084,0.61742419,2.104686332,0.57733163,0.998148148,0.581334732,0.648648649,6.719948388
PierceCounty_11032009_CountyAuditor.mat,304,YES,LOCAL,O,3,3,0.933534428,0.859795511,82.75551377,79.54518745,56.20323579,,,0.362353034,2.086491643,0.546580127,0.999989719,0.458523087,0.146146146,0.53683086
PierceCounty_11042008_CountyAssessorTreasurer.mat,305,YES,LOCAL,O,6,3,0.581903336,0.632458781,46.35598918,43.59671775,42.86554712,41.66144584,30.89444249,0.372878492,2.73228334,0.44794096,0.999992938,0.486407217,0.805805806,5.774385123
PierceCounty_11042008_CountyCouncilDistrict2.mat,306,YES,LOCAL,R,3,3,0.875365872,0.875365872,75.67357967,65.83944162,59.88542266,,,0.766042,3.769245339,0.766042,0.999957164,0.945339986,0.546546547,0.45979898
PierceCounty_11042008_CountyExecutiveMember.mat,307,YES,LOCAL,E,4,3,0.704945053,0.765856366,58.19556212,57.85722166,53.57948828,50.13523589,,0.695768011,4.74114729,0.695768011,0.999994889,0.560955447,0.780780781,1.036842732
Portland_06082021_charter_commission_at_large.mat,308,NO,LOCAL,B,11,1,,0.251224234,60.66507232,59.7767908,59.40097939,52.01002164,49.6298827,0.634732746,4.128600958,0.655772911,0.999257058,0.976275568,2.462462462,104.5023098
Portland_06142022_SchoolboardAL.mat,309,NO,LOCAL,B,29,7,,0.597056841,75.52235453,72.84879802,47.85441474,42.26016625,39.6427769,0.147744118,5.638619492,0.086564727,0.999649,0.999860588,1.122122122,9593457489
Portland_06142022_SchoolboardAL-1.mat,310,NO,LOCAL,B,7,7,0.605212897,0.493315358,75.59824739,72.93562521,47.89349511,42.27614875,39.65846534,0.207004276,4.513287987,0.719393455,0.999692497,0.300553253,3.015015015,27.84231846
Portland_06142022_Schoolboarddistrict5.mat,311,NO,LOCAL,B,14,5,,0.697435897,69.17948718,45.43589744,43.8974359,41.23076923,37.84615385,0.208252218,1.211571824,0.811649313,0.998970134,0.004154415,0.749248525,46439253.8
Portland_06142022_Schoolboarddistrict5-1.mat,312,NO,LOCAL,B,6,5,0.744233726,0.799077396,69.297796,45.46386468,44.02870323,41.26089185,37.92926704,0.54619721,2.50784388,0.54619721,0.999094203,0.127488324,0.440520203,46.18670951
Portland_11082022_SchoolBoardDistrict3.mat,313,NO,LOCAL,B,3,3,0.937429628,0.937429628,78.07624256,73.94241596,54.83352099,,,0.526965999,3.724126311,0.421688514,0.999744833,0.898088884,0.364364364,0.379015841
SanFrancisco_06052018_BoardofSupervisorsDistrict8.mat,314,NO,LOCAL,B,3,3,0.945604808,0.889376409,86.75882795,76.80841473,42.16979715,,,0.472799195,4.479966132,0.327994845,0.999945658,0.02593626,0.832832833,0.111279906
SanFrancisco_06052018_Mayor.mat,315,NO,LOCAL,E,8,3,,0.623461603,65.88755678,62.63494539,58.21724914,30.63827079,13.96510712,0.504886807,4.125243831,0.504886807,0.999989193,0.029546394,1.023023023,133.2142147
SanFrancisco_11022004_BoardofSupervisorsDistrict11.mat,316,NO,LOCAL,B,8,3,,0.53085088,53.35692095,40.82671729,40.82240249,35.86900242,27.99879185,0.152660279,3.747796163,0.171818663,0.999894626,0.341549692,0.581581582,14.71941897
SanFrancisco_11022004_BoardofSupervisorsDistrict2.mat,317,NO,LOCAL,B,5,3,0.663622129,0.682092322,76.82672234,45.89422408,42.69601021,29.67408954,26.82092322,0.707472088,4.936333695,0.682850966,0.999937496,0.288188609,0.704704705,3.145558774
SanFrancisco_11022004_BoardofSupervisorsDistrict3.mat,318,NO,LOCAL,B,4,3,0.69955607,0.59463424,79.65257672,60.07334491,47.85562633,46.34240494,,0.629536458,4.008470024,0.689574209,0.999907936,0.501939579,0.780780781,1.457224949
SanFrancisco_11022004_BoardofSupervisorsDistrict5.mat,319,NO,LOCAL,B,22,3,,0.434390042,46.97655872,39.20077473,35.52935145,22.66085619,16.57694608,0.091716759,8.309656487,0.068762068,0.999920717,0.232173332,0.693693694,1217.522652
SanFrancisco_11022004_BoardofSupervisorsDistrict7.mat,320,NO,LOCAL,B,13,3,,0.510730428,52.69129871,46.79035368,26.34090837,21.95707829,20.98991751,0.155187875,6.66440404,0.356444903,0.99991964,0.648097287,2.39039039,110.1937325
SanFrancisco_11022004_BoardofSupervisorsDistrict9.mat,321,NO,LOCAL,B,6,3,0.679296891,0.662925868,75.82559028,66.7310245,53.36470778,27.85085073,13.11693013,0.43240935,6.753723529,0.576285787,0.999896992,0.884394497,1.381381381,6.044647662
SanFrancisco_11022010_BoardofSupervisorsDistrict10.mat,322,NO,LOCAL,B,21,3,,0.418759724,25.70571238,24.18315181,23.0328962,22.53278506,21.22693932,0.123889738,6.445387628,0.099988784,0.999861227,0.467766587,3.023023023,450.0504761
SanFrancisco_11022010_BoardofSupervisorsDistrict2.mat,323,NO,LOCAL,B,6,3,0.687290208,0.708424848,60.58182421,58.16584476,32.09978865,30.83171025,16.13277527,0.101710882,6.889233642,0.101710882,0.999922571,0.327950281,0.4004004,14.03569364
SanFrancisco_11022010_BoardofSupervisorsDistrict6.mat,324,NO,LOCAL,B,14,3,,0.589721829,56.70438472,48.34040547,35.76143329,17.26544083,13.69165488,0.489823813,5.826582709,0.486328142,0.999891434,0.917896222,1.197197197,148.2327884
SanFrancisco_11022010_BoardofSupervisorsDistrict8.mat,325,NO,LOCAL,B,4,3,0.773243344,0.665112821,71.09560443,66.14522264,63.07375525,20.21048417,,0.45567935,4.514539813,0.45567935,0.99992597,0.249929636,1.072072072,3.183189987
SanFrancisco_11032015_BoardofSupervisorsDistrict3.mat,326,NO,LOCAL,B,3,3,0.855184387,0.81483477,66.9480364,64.26604406,43.41475096,,,0.909315126,4.899652759,0.909315126,0.999912975,0.084170266,0.926926927,0.607269473
SanFrancisco_11032015_Mayor.mat,327,NO,LOCAL,E,6,3,0.709681324,0.66611405,62.30362359,40.63314123,37.28007158,30.05868267,16.49430278,0.816740823,3.328554031,0.857355766,0.999991083,0.610761323,0.435435435,10.52436531
SanFrancisco_11032015_Sheriff.mat,328,NO,LOCAL,O,3,3,0.948835733,0.948835733,79.64886424,54.45939186,43.40302618,,,0.654549816,6.151694341,0.654549816,0.999993541,0.241727485,0.812812813,0.518620949
SanFrancisco_11032020_BOARDOFSUPERVISORSDISTRICT1.mat,329,NO,LOCAL,B,7,7,0.436603335,0.430897912,75.5109954,75.50545616,65.62621171,51.2518695,45.33318562,0.786477747,1.3918658,0.76952738,0.999915818,0.939454235,0.48048048,19.40725501
SanFrancisco_11032020_BOARDOFSUPERVISORSDISTRICT11.mat,330,NO,LOCAL,B,4,3,0.86804892,0.883941652,88.250844,85.85897191,72.58424103,0.095547487,,0.199520017,8.743935009,0.199520017,0.999937664,0.991212646,0.135135135,4362.818348
SanFrancisco_11032020_BOARDOFSUPERVISORSDISTRICT3.mat,331,NO,LOCAL,B,4,4,0.653344857,0.663993086,88.8781331,80.90579084,65.11322385,59.70613656,,0.524707543,5.14681538,0.548061239,0.999908867,0.173528689,0.435435435,1.415596285
SanFrancisco_11032020_BOARDOFSUPERVISORSDISTRICT5.mat,332,NO,LOCAL,B,4,4,0.573826948,0.561486583,85.16047257,78.57655331,69.79719711,63.15827235,,0.296971526,5.995710049,0.296971526,0.999935737,0.316204348,0.432432432,1.753471771
SanFrancisco_11032020_BOARDOFSUPERVISORSDISTRICT7.mat,333,NO,LOCAL,B,7,7,0.353935579,0.32177577,71.02317435,69.1626266,66.42891591,59.42330634,58.59583217,0.454556727,2.697408941,0.556506482,0.999893877,0.835789389,1.279279279,20.12991472
SanFrancisco_11032020_BOARDOFSUPERVISORSDISTRICT9.mat,334,NO,LOCAL,B,2,3,1,1,99.79846285,0.222032451,,,,0.997732383,,,,,,9.59E-35
SanFrancisco_11042008_BoardofSupervisorsDistrict1.mat,335,NO,LOCAL,B,9,3,,0.62565899,63.60294118,59.82935627,56.38526637,13.67924528,10.69298002,0.401803642,1.992041553,0.401803642,0.999931829,0.69382954,0.376376376,32.1568092
SanFrancisco_11042008_BoardofSupervisorsDistrict11.mat,336,NO,LOCAL,B,9,3,,0.582071521,51.31282216,47.24548969,45.68701675,40.27464562,31.59632732,0.97079396,3.089149073,0.296425311,0.999880139,0.576425221,0.250179168,8098087.59
SanFrancisco_11042008_BoardofSupervisorsDistrict3.mat,337,NO,LOCAL,B,9,3,,0.527352618,57.96777737,43.5737825,41.18637862,31.3145368,20.60783596,0.263457011,4.41687813,0.273105854,0.999906507,0.119572462,1.409409409,45.8883253
SanFrancisco_11042008_BoardofSupervisorsDistrict4.mat,338,NO,LOCAL,B,3,3,0.826714679,0.826714679,81.36698713,75.91126813,62.24819105,,,0.529531013,3.232637331,0.529531013,0.999932341,0.642365551,0.356356356,0.605539587
SanFrancisco_11042008_BoardofSupervisorsDistrict5.mat,339,NO,LOCAL,B,3,3,0.913368143,0.834231655,92.76570659,62.16944585,54.94638145,,,0.789509768,4.634606131,0.789509768,0.999943304,0.564779619,0.358358358,0.399219881
SanFrancisco_11042008_BoardofSupervisorsDistrict7.mat,340,NO,LOCAL,B,3,3,0.895594487,0.895594487,91.4530465,56.68878011,53.04006183,,,0.712072659,4.686426899,0.712072659,0.999959384,0.4517891,0.778778779,0.401384737
SanFrancisco_11042008_BoardofSupervisorsDistrict9.mat,341,NO,LOCAL,B,7,3,0.607944083,0.586374056,72.79696366,70.44831085,61.84660479,23.19341626,14.08064334,0.289114151,7.020187701,0.539967331,0.999869554,0.491829948,1.951951952,40.17147192
SanFrancisco_11042014_BoardofSupervisorsDistrict10.mat,342,NO,LOCAL,B,5,3,0.708902557,0.596309485,68.77306572,52.04273228,40.07122046,29.48527031,25.03075429,0.72588488,2.180734852,0.614490498,0.999887514,0.552025469,0.756756757,3.58154364
SanFrancisco_11052004_BoardofSupervisorsDistrict1.mat,343,NO,LOCAL,B,7,3,0.549935735,0.639837427,60.3362629,56.37266822,48.40031959,28.28707403,26.08469101,0.176362001,3.578082451,0.176362001,0.999916065,0.406145685,0.36036036,31.00957999
SanFrancisco_11052019_DistrictAttorney.mat,344,NO,LOCAL,O,4,4,0.636196335,0.672098012,64.84840652,64.27821862,53.59559565,52.43402518,,0.622853587,3.195639749,0.622853587,0.999990313,0.653914514,0.405405405,2.469355396
SanFrancisco_11052019_Mayor.mat,345,NO,LOCAL,E,7,6,0.644120083,0.683940214,85.58993713,42.6054283,37.98253562,34.48854699,34.3701538,0.048523307,6.202020883,0.040226226,0.999990801,0.65435085,0.072072072,58407.64782
SanFrancisco_11052019_MemberBoardofSupervisorsDistrict5.mat,346,NO,LOCAL,B,4,4,0.800312276,0.765244546,71.50272186,70.87395029,33.74688779,30.2316749,,0.47416518,2.673852514,0.47416518,0.999934028,0.904963427,0.657657658,1.295379888
SanFrancisco_11062007_Mayor.mat,347,NO,LOCAL,E,12,3,,0.710926541,80.9813365,18.23646879,14.81471245,13.6497122,12.79358213,0.723005628,7.54026642,0.587185307,0.999989614,0.239482108,0.836836837,115.7166373
SanFrancisco_11062012_BoardofSupervisorsDistrict5.mat,348,NO,LOCAL,B,8,3,,0.599841207,50.98678614,42.60193955,42.50269381,40.84103669,39.59054046,0.160556572,5.45327354,0.119963031,0.999937016,0.048012246,0.903903904,15.28437232
SanFrancisco_11062012_BoardofSupervisorsDistrict7.mat,349,NO,LOCAL,B,9,3,,0.55483912,53.18743449,53.04767652,40.27888067,34.62821205,19.75351777,0.360259538,2.238887367,0.43147198,0.999917945,0.891184352,0.672672673,32.22605837
SanFrancisco_11062018_AssessorRecorder.mat,350,NO,LOCAL,O,2,3,1,1,85.46637676,56.51698494,,,,0.850393497,,,,,,0
SanFrancisco_11062018_BoardofSupervisorsDistrict10.mat,351,NO,LOCAL,B,6,3,0.665677675,0.649552804,68.49415205,54.30426557,48.48211214,30.24595803,17.94375645,0.289952688,5.731215401,0.37295317,0.999905962,0.703298625,0.930930931,5.7197183
SanFrancisco_11062018_BoardofSupervisorsDistrict2.mat,352,NO,LOCAL,B,4,3,0.717024887,0.669570136,74.85011312,67.61595023,54.45984163,28.07409502,,0.527754808,4.937401412,0.527754808,0.999935496,0.17237519,1.543543544,1.19515437
SanFrancisco_11062018_BoardofSupervisorsDistrict4.mat,353,NO,LOCAL,B,8,3,,0.607669099,58.10763402,48.73701937,36.19842829,27.5715689,21.90920573,0.147640527,4.807037631,0.152901954,0.999919413,0.322092762,1.534534535,18.23270198
SanFrancisco_11062018_BoardofSupervisorsDistrict6.mat,354,NO,LOCAL,B,3,3,0.794535131,0.794535131,85.86467944,70.9171201,67.36850406,,,0.724325859,3.862230543,0.724325859,0.999921991,0.961696457,0.692692693,0.711252623
SanFrancisco_11062018_BoardofSupervisorsDistrict8.mat,355,NO,LOCAL,B,2,3,1,1,96.35861675,31.9989528,,,,0.785706078,,,,,,0
SanFrancisco_11072006_BoardofSupervisorsDistrict10.mat,356,NO,LOCAL,B,7,3,0.618139925,0.702625332,71.74277336,30.57533864,30.53344505,28.13154587,25.08727831,0.070721294,6.268770365,0.333035624,0.999862524,0.087561294,2.372372372,6.214972729
SanFrancisco_11072006_BoardofSupervisorsDistrict2.mat,357,NO,LOCAL,B,2,3,1,1,88.7986298,35.63494005,,,,0.90675487,,,,,,0
SanFrancisco_11072006_BoardofSupervisorsDistrict4.mat,358,NO,LOCAL,B,6,3,0.58363618,0.710226126,52.95275591,51.79184333,49.08136483,44.99293358,27.08964264,0.184073366,4.088002758,0.202027907,0.999892334,0.213191848,0.935935936,6.626267096
SanFrancisco_11072006_BoardofSupervisorsDistrict6.mat,359,NO,LOCAL,B,8,3,,0.738699069,60.71567917,55.75497464,22.26185831,16.93885514,15.38375787,0.339426845,12.69401232,0.545017118,0.999902941,0.219985945,0.35035035,17.30693157
SanFrancisco_11072006_BoardofSupervisorsDistrict8.mat,360,NO,LOCAL,B,3,3,0.925141109,0.921735566,84.50477722,61.7349352,35.43657175,,,0.5947272,2.267394963,0.625234985,0.999960633,0.933723273,0.126126126,0.066718135
SanFrancisco_11082005_AssessorRecorder.mat,361,NO,LOCAL,O,4,3,0.892297113,0.636539774,81.19302895,70.93723648,65.44091073,0.020077902,,0.759496974,3.083962239,0.810288902,0.999987409,0.594087324,0.288288288,6981.141957
SanFrancisco_11082005_Treasurer.mat,362,NO,LOCAL,O,4,3,0.779603493,0.776600507,78.85387923,55.80001247,40.8247446,30.28143078,,0.157204135,4.418406921,0.157204135,0.999991443,0.87128555,0.186186186,0.66825806
SanFrancisco_11082011_DistrictAttorney.mat,363,NO,LOCAL,O,5,3,0.651418125,0.70158706,61.87193619,61.53297896,45.92353604,41.55354491,14.43370203,0.40583658,4.718308969,0.430526151,0.999989379,0.094713981,1.289289289,5.629320343
SanFrancisco_11082011_Mayor.mat,364,NO,LOCAL,E,16,3,,0.516563195,45.98205804,36.11705924,32.14661675,31.95713237,25.87206466,0.161766157,2.649315014,0.161746653,0.999986739,0.415699144,0.495495495,366.1548039
SanFrancisco_11082011_Sheriff.mat,365,NO,LOCAL,O,4,3,0.756637844,0.751343925,62.85806191,59.18830213,58.64637059,23.0838849,,0.443638943,4.094034555,0.443638943,0.999990414,0.174806787,1.036036036,0.960218909
SanFrancisco_11082016_BoardofSupervisorsDistrict1.mat,366,NO,LOCAL,B,10,3,,0.637430396,66.11193255,62.37770158,43.00500204,13.34507818,12.03322113,0.541057906,2.543846273,0.523727419,0.99992381,0.027911068,1.072072072,36.70168987
SanFrancisco_11082016_BoardofSupervisorsDistrict11.mat,367,NO,LOCAL,B,5,3,0.582489203,0.527640361,59.74087161,57.75029446,44.22065175,41.82175108,35.90498626,0.652621328,4.592042922,0.680003188,0.999903633,0.688010387,1.177177177,4.695416282
SanFrancisco_11082016_BoardofSupervisorsDistrict3.mat,368,NO,LOCAL,B,2,3,1,1,84.45269434,55.93055087,,,,0.863860792,,,,,,0
SanFrancisco_11082016_BoardofSupervisorsDistrict5.mat,369,NO,LOCAL,B,2,3,1,1,74.67638527,71.47558568,,,,0.862858734,,,,,,0
SanFrancisco_11082016_BoardofSupervisorsDistrict7.mat,370,NO,LOCAL,B,5,3,0.558771111,0.636566805,60.16860449,52.40317972,51.18956689,44.13986251,31.22294832,0.371738907,4.420830905,0.274746435,0.999939143,0.479212061,0.556556557,4.139587438
SanFrancisco_11082016_BoardofSupervisorsDistrict9.mat,371,NO,LOCAL,B,4,3,0.80991221,0.810939543,82.41080879,64.99906606,60.5410622,20.07035676,,0.36804458,6.256242087,0.36804458,0.999938662,0.178917159,1.066066066,2.161563028
SanFrancisco_11082022_BoardofSupervisorsD10.mat,372,NO,LOCAL,B,2,3,1,1,87.73024361,59.81580511,,,,0.833213157,,,,,,0
SanFrancisco_11082022_BoardofSupervisorsD4.mat,373,NO,LOCAL,B,2,3,1,1,70.12391345,69.28796005,,,,0.882339558,,,,,,0
SanFrancisco_11082022_BoardofSupervisorsD6.mat,374,NO,LOCAL,B,4,4,0.714662253,0.660966041,80.10297904,75.80605615,48.55338973,42.94471006,,0.483680756,5.971839227,0.473481632,0.99987404,0.451784014,0.588588589,2.408252828
SanFrancisco_11082022_BoardofSupervisorsD8.mat,375,NO,LOCAL,B,2,3,1,1,89.64717856,50.31098044,,,,0.933517632,,,,,,0
SanFrancisco_11082022_DistrictAttorney.mat,376,NO,LOCAL,O,4,4,0.683662433,0.69255338,73.22479482,68.39337194,58.12827126,43.64159863,,0.429502099,4.363832562,0.533627676,0.999992064,0.563305374,0.267267267,2.346051956
SanFrancisco_11082022_PublicDefender.mat,377,NO,LOCAL,O,2,3,1,1,88.99141135,56.62320776,,,,0.84440145,,,,,,9.90E-35
SanLeandro_11022010_CountyCouncilDistrict1.mat,378,NO,LOCAL,R,3,3,0.997994887,0.99654118,84.08942804,72.27931225,0.756930172,,,0.429411637,7.43927045,0.576235102,0.999918613,0.002782763,0.284284284,89.85650422
SanLeandro_11022010_CountyCouncilDistrict5.mat,379,NO,LOCAL,R,2,3,1,1,78.78442074,77.54899529,,,,0.843006467,,,,,,0
SanLeandro_11022010_Mayor.mat,380,NO,LOCAL,E,6,3,0.637213859,0.406252783,64.9772869,62.09138684,61.1071524,29.60719694,17.0570945,0.821471231,9.607853711,0.821471231,0.99990241,0.84709308,1.866866867,902653527.6
SanLeandro_11032020_MemberCityCouncilDist2SanLeandroRCV.mat,381,NO,LOCAL,R,2,5,1,1,83.83908848,81.28415301,,,,0.824715768,,,,,,0
SanLeandro_11032020_MemberCityCouncilDist4SanLeandroRCV.mat,382,NO,LOCAL,R,2,5,1,1,89.23659923,73.40932706,,,,0.781774237,,,,,,0
SanLeandro_11042014_CountyCouncilDistrict1.mat,383,NO,LOCAL,R,4,3,0.673852708,0.642354612,74.74343252,59.96901827,57.43884335,39.8373459,,0.366634597,3.62410037,0.366634597,0.999866578,0.845809633,0.492492492,0.954281343
SanLeandro_11042014_CountyCouncilDistrict3.mat,384,NO,LOCAL,R,3,3,0.886009998,0.886009998,84.13715412,77.3639372,66.11279307,,,0.62265799,3.469861322,0.502862184,0.999866578,0.626642507,0.38038038,0.526553123
SanLeandro_11042014_CountyCouncilDistrict5.mat,385,NO,LOCAL,R,3,3,0.832981835,0.765290156,84.61119804,72.66480713,72.26341928,,,0.695263091,2.735634576,0.645056782,0.99986292,0.741885179,0.344344344,0.681518595
SanLeandro_11042014_Mayor.mat,386,NO,LOCAL,E,4,3,0.902452551,0.918474242,82.56716786,76.05989648,62.67562238,1.435789993,,0.342639401,2.232633452,0.342639401,0.999896491,0.516598473,0.228228228,248.3489632
SanLeandro_11062012_CountyCouncilDistrict2.mat,387,NO,LOCAL,R,3,3,0.876494967,0.876494967,82.69982238,80.66706138,70.86244326,,,0.620139392,2.02916578,0.620139392,0.999933784,0.548118637,0.356356356,0.463424632
SanLeandro_11062012_CountyCouncilDistrict4.mat,388,NO,LOCAL,R,4,3,0.625632159,0.592176356,72.00345796,62.93062459,61.22325481,40.48411498,,0.499073233,2.027853869,0.590645464,0.999910491,0.724228863,0.312312312,1.604187962
SanLeandro_11062012_CountyCouncilDistrict6.mat,389,NO,LOCAL,R,2,3,1,1,84.96832079,78.07968703,,,,0.819829949,,,,,,0
SanLeandro_11062018_CountyCouncilDistrict1.mat,390,NO,LOCAL,R,3,3,0.88909865,0.703044666,87.7530527,69.52924165,67.71770566,,,0.686258726,3.143756536,0.678987018,0.999910306,0.78814166,0.348348348,0.854243171
SanLeandro_11062018_CountyCouncilDistrict3.mat,391,NO,LOCAL,R,2,3,1,1,81.36197637,78.76262084,,,,0.826330295,,,,,,0
SanLeandro_11062018_CountyCouncilDistrict5.mat,392,NO,LOCAL,R,2,3,1,1,87.97802481,68.60380274,,,,0.870198689,,,,,,0
SanLeandro_11062018_Mayor.mat,393,NO,LOCAL,E,4,3,0.731112916,0.672430467,76.92158911,65.51390662,50.89938494,36.07210553,,0.206287561,3.609360591,0.237312209,0.999911457,0.156467331,0.780780781,1.825847656
SanLeandro_11082016_CountyCouncilDistrict2.mat,394,NO,LOCAL,R,2,3,1,1,77.28638742,77.09716915,,,,0.834060735,,,,,,0
SantaFe_03062018_CityCouncilDistrict2.mat,395,NO,LOCAL,R,3,3,0.909076382,0.846436561,90.28443592,84.93128795,75.3275807,,,0.429241877,3.94533734,0.429241877,0.999652295,0.921482009,0.388388388,0.46883168
SantaFe_03062018_CityCouncilDistrict4.mat,396,NO,LOCAL,R,3,3,0.79033245,0.68325515,85.49867428,82.09259637,80.46094228,,,0.562065894,3.296647408,0.565496524,0.999530296,0.809889465,0.688688689,0.95032241
SantaFe_03062018_Mayor.mat,397,NO,LOCAL,E,5,5,0.371428571,0.280329857,85.44263886,81.11084162,77.39510065,75.54208101,75.31409168,0.817700427,4.998382434,0.757541722,0.999802176,0.21209496,1.98998999,5.498964663
Springville_11022021_CityCouncil2yr.mat,398,NO,LOCAL,R,3,3,0.882741536,0.882741536,90.8835673,88.70355078,78.03468208,,,0.434531616,3.698914927,0.304599911,0.999653019,0.205767079,0.382382382,0.814585299
Springville_11022021_Mayor.mat,399,NO,LOCAL,E,3,3,0.892647059,0.709803922,96.0130719,75.98039216,75.37581699,,,0.805869735,4.240035764,0.642102338,0.99973312,0.204215055,0.794794795,0.647914941
StLouisPark_11022021_CityCouncilWard2.mat,400,NO,LOCAL,R,2,3,1,1,65.11479592,38.90306122,,,,0.987942502,,,,,,9.76E-35
StLouisPark_11022021_CityCouncilWard3.mat,401,NO,LOCAL,R,3,3,0.886651752,0.886651752,80.61148397,78.52348993,65.62266965,,,0.534578626,4.592265838,0.534578626,0.998738966,0.847663479,1.095095095,0.623758319
TakomaPark_11082022_CityCouncilWard1.mat,402,NO,LOCAL,R,3,4,0.886681383,0.754966887,84.91537896,68.9477557,62.61957322,,,0.630457203,3.127160856,0.723810418,0.998843931,0.348894447,0.704704705,0.614623284
TakomaPark_11082022_CityCouncilWard3.mat,403,NO,LOCAL,R,5,4,0.782069971,0.629008746,82.58017493,78.35276968,70.69970845,0.072886297,0.072886297,0.887570749,9.963725791,0.818818564,0.998387097,0.595695057,0.505845919,7072727.788
TakomaPark_11082022_CityCouncilWard5.mat,404,NO,LOCAL,R,3,4,0.86036961,0.800821355,82.34086242,73.30595483,67.96714579,,,0.510547788,3.974162072,0.510547788,0.996153846,0.413838591,0.966966967,0.69603311
TakomaPark_11082022_CityCouncilWard6.mat,405,NO,LOCAL,R,7,5,0.655384615,0.564615385,78.92307692,78.30769231,58.76923077,52.61538462,0.307692308,0.791609571,8.66640157,0.791609571,0.996563574,0.823541244,0.009840057,3442212.02
TakomaPark_11082022_Mayor.mat,406,NO,LOCAL,E,6,4,0.853111306,0.576511832,85.2936021,79.19368975,68.9745837,0.052585451,0.052585451,0.842392724,1.937541882,0.842392724,0.999522901,0.686514888,0.275252206,246986461.1
Vineyard_11022021_Mayor.mat,407,NO,LOCAL,E,3,3,0.949251789,0.793754066,98.37345478,79.63565387,76.31750163,,,0.451532828,4.809980746,0.451532828,0.99911426,0.067728532,0.764764765,0.171694585
Vineyard_11052019_CityCouncil.mat,408,NO,LOCAL,R,7,7,0.200183655,0.168044077,90.35812672,88.42975207,80.99173554,77.22681359,72.81910009,0.339635964,3.702133422,0.348910728,0.993589744,0.234139242,2.18018018,24.57871898
WoodlandHills_11022021_Mayor.mat,409,NO,LOCAL,E,3,3,0.832061069,0.832061069,85.03816794,81.3740458,74.04580153,,,0.745517328,4.565915105,0.548628264,0.996923077,0.700397425,0.958958959,0.662678653
Wyoming_04172020_PRESIDENTOFTHEUNITEDSTATES.mat,410,,FEDERAL,E,9,5,,0.633099597,89.11180366,61.33619011,32.2425659,25.01623166,24.76951045,0.141594961,7.397648793,0.141594961,0.999865916,0.921531236,0.656656657,70.29544597
