,filename,partisan,level,type,candidates,choices,gamma bf,gamma mds,#1 candidate,#2 candidate,#3 candidate,#4 candidate,#5 candiadte,#5 candidate
0,Alaska_04102020_PRESIDENTOFTHEUNITEDSTATES.csv,DP,3.0,E,8.0,5.0,,0.5652922702866984,27.87964745213251,76.20808428730625,46.11994732043359,82.9956438050856,,12.090973558909939
1,Alaska_08162022_HouseofRepresentativesSpecial.csv,1,3.0,R,3.0,4.0,0.9553300997606592,0.9553300997606592,75.10219642894965,64.11899265032936,60.49552030161185,,,
2,Alaska_11082022_GovernorLieutenantGovernor.csv,1,2.0,E,4.0,5.0,0.8396188603622339,0.7445116648391122,67.2189662343555,49.1061368019057,42.65928082580255,51.78961696978863,,
3,Alaska_11082022_HouseDistrict1.csv,1,2.0,R,2.0,3.0,1.0,1.0,62.69213550216386,63.43829279212058,,,,
4,Alaska_11082022_HouseDistrict2.csv,1,2.0,R,2.0,3.0,1.0,1.0,67.32145362705205,55.28272765539498,,,,
5,Alaska_11082022_HouseDistrict3.csv,1,2.0,R,1.0,2.0,1.0,,100.0,,,,,
6,Alaska_11082022_HouseDistrict4.csv,1,2.0,R,2.0,3.0,1.0,1.0,85.64320210741987,38.182350358554075,,,,
7,Alaska_11082022_HouseDistrict5.csv,1,2.0,R,2.0,3.0,1.0,1.0,75.66009669021942,56.63815544812197,,,,
8,Alaska_11082022_HouseDistrict6.csv,1,2.0,R,3.0,4.0,0.9622938766936247,0.880054616111753,35.153870391765565,56.20207961348598,63.879844554143475,,,
9,Alaska_11082022_HouseDistrict7.csv,1,2.0,R,2.0,3.0,1.0,1.0,64.99194375274645,71.36370294419217,,,,
10,Alaska_11082022_HouseDistrict8.csv,1,2.0,R,1.0,2.0,1.0,,100.0,,,,,
11,Alaska_11082022_HouseDistrict9.csv,1,2.0,R,2.0,3.0,1.0,1.0,54.23797881010594,64.95517522412388,,,,
12,Alaska_11082022_HouseDistrict10.csv,1,2.0,R,3.0,4.0,0.9077534206267471,0.9077534206267471,39.06135059585111,66.8088862733559,54.93600117698985,,,
13,Alaska_11082022_HouseDistrict11.csv,1,2.0,R,3.0,4.0,0.9288969917958068,0.9130095064461519,49.70699309805964,61.51842687849981,57.15587967183227,,,
14,Alaska_11082022_HouseDistrict12.csv,1,2.0,R,2.0,3.0,1.0,1.0,56.73758865248227,66.52790625963614,,,,
15,Alaska_11082022_HouseDistrict13.csv,1,2.0,R,2.0,3.0,1.0,1.0,61.589882565492324,62.258355916892505,,,,
16,Alaska_11082022_HouseDistrict14.csv,1,2.0,R,2.0,3.0,1.0,1.0,48.72650623572809,73.24784823467417,,,,
17,Alaska_11082022_HouseDistrict15.csv,1,2.0,R,3.0,4.0,0.9379642365887207,0.9294360385144429,51.8019257221458,60.75653370013755,57.23521320495186,,,
18,Alaska_11082022_HouseDistrict16.csv,1,2.0,R,2.0,3.0,1.0,1.0,64.351671218624,56.41825985173625,,,,
19,Alaska_11082022_HouseDistrict17.csv,1,2.0,R,2.0,3.0,1.0,1.0,72.76995305164318,79.09859154929578,,,,
20,Alaska_11082022_HouseDistrict18.csv,1,2.0,R,3.0,4.0,0.9301557338367155,0.8919301557338367,56.0169891458235,61.208117036337896,62.95422369042001,,,
21,Alaska_11082022_HouseDistrict19.csv,1,2.0,R,2.0,3.0,1.0,1.0,88.57142857142857,63.42857142857142,,,,
22,Alaska_11082022_HouseDistrict20.csv,1,2.0,R,4.0,5.0,0.8053838484546361,0.782851445663011,50.368893320039874,65.06480558325025,48.414755732801595,36.151545363908276,,
23,Alaska_11082022_HouseDistrict21.csv,1,2.0,R,2.0,3.0,1.0,1.0,60.276510832383124,61.901368301026224,,,,
24,Alaska_11082022_HouseDistrict22.csv,1,2.0,R,2.0,3.0,1.0,1.0,60.900662251655625,64.79470198675497,,,,
25,Alaska_11082022_HouseDistrict23.csv,1,2.0,R,2.0,3.0,1.0,1.0,74.81574189959672,61.396189681546375,,,,
26,Alaska_11082022_HouseDistrict24.csv,1,2.0,R,3.0,4.0,0.9321333333333334,0.9185333333333333,63.38666666666667,36.8,77.48,,,
27,Alaska_11082022_HouseDistrict25.csv,1,2.0,R,2.0,3.0,1.0,1.0,88.60619469026548,48.879977876106196,,,,
28,Alaska_11082022_HouseDistrict26.csv,1,2.0,R,2.0,3.0,1.0,1.0,32.454944722096016,87.8691503861881,,,,
29,Alaska_11082022_HouseDistrict27.csv,1,2.0,R,3.0,4.0,0.8633273703041144,0.8633273703041144,59.87477638640429,74.00715563506262,60.55456171735242,,,
30,Alaska_11082022_HouseDistrict28.csv,1,2.0,R,4.0,5.0,0.6818334452652787,0.7427803895231699,56.161853593015444,55.439892545332434,69.39220953660174,51.94761584956347,,
31,Alaska_11082022_HouseDistrict29.csv,1,2.0,R,2.0,3.0,1.0,1.0,40.276102399142204,82.73689853906983,,,,
32,Alaska_11082022_HouseDistrict30.csv,1,2.0,R,3.0,4.0,0.9502256437483408,0.8781523758959384,66.65781789222193,68.68861162728962,34.01911335280064,,,
33,Alaska_11082022_HouseDistrict31.csv,1,2.0,R,3.0,4.0,0.8976936723832052,0.8734476641040805,62.8622117090479,63.70983638872462,52.92726197516262,,,
34,Alaska_11082022_HouseDistrict32.csv,1,2.0,R,3.0,4.0,0.9580838323353293,0.7954617081626221,56.697132051686104,48.03025527891585,74.40907658367476,,,
35,Alaska_11082022_HouseDistrict33.csv,1,2.0,R,1.0,2.0,1.0,,100.0,,,,,
36,Alaska_11082022_HouseDistrict34.csv,1,2.0,R,3.0,4.0,0.9439024390243902,0.8932249322493225,47.87262872628727,53.53658536585366,66.36856368563686,,,
37,Alaska_11082022_HouseDistrict35.csv,1,2.0,R,4.0,5.0,0.8407174407709811,0.834961852496319,26.609556953553742,62.8028376388703,54.5040824521483,45.80377459510106,,
38,Alaska_11082022_HouseDistrict36.csv,1,2.0,R,2.0,3.0,1.0,1.0,74.99330655957162,45.79651941097724,,,,
39,Alaska_11082022_HouseDistrict37.csv,1,2.0,R,1.0,2.0,1.0,,100.0,,,,,
40,Alaska_11082022_HouseDistrict38.csv,1,2.0,R,1.0,2.0,1.0,,100.0,,,,,
41,Alaska_11082022_HouseDistrict39.csv,1,2.0,R,2.0,3.0,1.0,1.0,78.45439650464228,75.20480611687603,,,,
42,Alaska_11082022_HouseDistrict40.csv,1,2.0,R,1.0,2.0,1.0,,100.0,,,,,
43,Alaska_11082022_SenateDistrictA.csv,1,2.0,S,2.0,3.0,1.0,1.0,51.148936170212764,81.00580270793036,,,,
44,Alaska_11082022_SenateDistrictB.csv,1,2.0,S,1.0,2.0,1.0,,100.0,,,,,
45,Alaska_11082022_SenateDistrictC.csv,1,2.0,S,3.0,4.0,0.9275953351935322,0.9275953351935322,40.08728625599199,56.63590183873507,71.78936824783572,,,
46,Alaska_11082022_SenateDistrictD.csv,1,2.0,S,3.0,4.0,0.9563873174582291,0.8323904749375082,65.15590053940271,71.31298513353505,31.055124325746615,,,
47,Alaska_11082022_SenateDistrictE.csv,1,2.0,S,3.0,4.0,0.9605625374027529,0.9605625374027529,50.68222621184919,65.30221424296828,57.731897067624175,,,
48,Alaska_11082022_SenateDistrictF.csv,1,2.0,S,2.0,3.0,1.0,1.0,65.9700866648029,54.94828068213587,,,,
49,Alaska_11082022_SenateDistrictG.csv,1,2.0,S,2.0,3.0,1.0,1.0,65.19371540796286,57.99857168362792,,,,
50,Alaska_11082022_SenateDistrictH.csv,1,2.0,S,2.0,3.0,1.0,1.0,61.24209694415173,61.35405690200211,,,,
51,Alaska_11082022_SenateDistrictI.csv,1,2.0,S,2.0,3.0,1.0,1.0,51.799520127965884,76.39296187683284,,,,
52,Alaska_11082022_SenateDistrictJ.csv,1,2.0,S,3.0,4.0,0.9351445086705202,0.9242774566473988,69.27167630057804,52.65895953757226,60.566473988439306,,,
53,Alaska_11082022_SenateDistrictK.csv,1,2.0,S,2.0,3.0,1.0,1.0,57.87769451383107,65.85253029882506,,,,
54,Alaska_11082022_SenateDistrictL.csv,1,2.0,S,2.0,3.0,1.0,1.0,66.42920747996438,72.73100897321734,,,,
55,Alaska_11082022_SenateDistrictM.csv,1,2.0,S,2.0,3.0,1.0,1.0,35.61228613768018,82.77650545601509,,,,
56,Alaska_11082022_SenateDistrictN.csv,1,2.0,S,3.0,4.0,0.8500822297238813,0.8264520038085346,60.633601661906,74.08465333679564,64.0699385441011,,,
57,Alaska_11082022_SenateDistrictO.csv,1,2.0,S,2.0,3.0,1.0,1.0,68.1437125748503,73.1595632264882,,,,
58,Alaska_11082022_SenateDistrictP.csv,1,2.0,S,3.0,4.0,0.9045465365389193,0.8055224946441324,46.79838133777672,63.94905974767913,66.35324922637467,,,
59,Alaska_11082022_SenateDistrictQ.csv,1,2.0,S,3.0,4.0,0.8987302808772605,0.8590227010388611,48.48018468641786,75.53674490188534,32.41246633320508,,,
60,Alaska_11082022_SenateDistrictR.csv,1,2.0,S,3.0,4.0,0.9202953038485201,0.8655410486020917,75.78098297901428,54.04333857406522,39.7429762799918,,,
61,Alaska_11082022_SenateDistrictS.csv,1,2.0,S,2.0,3.0,1.0,1.0,79.97395456518593,62.58139198379396,,,,
62,Alaska_11082022_USRepresentative.csv,1,3.0,R,4.0,5.0,0.8257034811750853,0.7575141149119894,64.61950122278917,35.85074424081399,57.31220373780985,59.18676972313638,,
63,Alaska_11082022_USSenator.csv,1,3.0,S,4.0,5.0,0.8318217007195118,0.8213364097270712,44.6351589301436,41.552566866025074,65.75829563739033,60.02952427213941,,
64,Albany_11082022_BoardofEducation.csv,,,,5.0,5.0,0.6254036598493004,0.6426264800861141,79.97847147470398,56.68153160079963,87.80562817161311,84.99154236506227,,1.9683223127787177
65,Albany_11082022_CityCouncil.csv,,,,6.0,5.0,0.3437283437283437,0.3047817047817048,80.31878031878031,60.45738045738046,88.46846846846846,82.86902286902287,,81.82952182952184
66,Albany_11082022_FAKECityCouncil.csv,,,,5.0,5.0,0.5993275427290558,0.43905855982067804,81.18520594003922,61.10955449705799,83.76295881199215,82.71224432614179,,1.6671336508826
67,Berkeley_03072017_CityCouncilDistrict4.csv,0,1.0,R,2.0,3.0,1.0,1.0,65.62980030721967,78.3026113671275,,,,
68,Berkeley_11022010_CityAuditor.csv,0,1.0,O,1.0,3.0,1.0,,100.0,,,,,
69,Berkeley_11022010_CityCouncilDistrict1.csv,0,1.0,R,4.0,3.0,0.7873724938445305,0.7435807245867042,20.189940204009847,59.90151248680971,84.1540626099191,45.392191347168485,,
70,Berkeley_11022010_CityCouncilDistrict4.csv,0,1.0,R,4.0,3.0,0.688117770767613,0.7245005257623555,47.71819137749737,34.300736067297585,77.05573080967403,64.35331230283911,,
71,Berkeley_11022010_CityCouncilDistrict7.csv,0,1.0,R,3.0,3.0,0.7958743103861837,0.6840969057327896,74.5262652914368,76.54113696330054,86.44758934996402,,,
72,Berkeley_11022010_CityCouncilDistrict8.csv,0,1.0,R,3.0,3.0,0.8030501089324619,0.7485838779956427,84.68409586056644,69.49891067538127,69.9128540305011,,,
73,Berkeley_11032020_MayorBerkeleyRCV.csv,0,1.0,E,4.0,5.0,0.7833196215549156,0.7661627588098177,52.5041135335253,87.7930892636775,36.77498971616618,60.782599753187995,,
74,Berkeley_11032020_MemberCityCouncilDist2BerkeleyRCV.csv,0,1.0,R,4.0,5.0,0.6937705717420456,0.659270998415214,71.26660977691088,68.4749481896867,81.18980860660734,54.65073753504816,,
75,Berkeley_11032020_MemberCityCouncilDist3BerkeleyRCV.csv,0,1.0,R,3.0,5.0,0.9231767453932,0.8889177264469245,89.3200103815209,64.33947573319492,46.74279781988061,,,
76,Berkeley_11032020_MemberCityCouncilDist5BerkeleyRCV.csv,0,1.0,R,3.0,5.0,0.9669561745033444,0.8330837576120596,32.914046121593294,89.9770390336428,50.25456723569931,,,
77,Berkeley_11032020_MemberCityCouncilDist6BerkeleyRCV.csv,0,1.0,R,2.0,5.0,1.0,1.0,55.11414936153747,86.4697536437508,,,,
78,Berkeley_11042014_CityAuditor.csv,0,1.0,O,1.0,3.0,1.0,,100.0,,,,,
79,Berkeley_11042014_CityCouncilDistrict1.csv,0,1.0,R,3.0,3.0,0.9174295458625022,0.8590917250044875,74.70831089570993,83.03715670436188,47.92676359719978,,,
80,Berkeley_11042014_CityCouncilDistrict7.csv,0,1.0,R,2.0,3.0,1.0,1.0,76.2126245847176,68.83720930232559,,,,
81,Berkeley_11042014_CityCouncilDistrict8.csv,0,1.0,R,4.0,3.0,0.5426236749116607,0.6713780918727915,65.61395759717314,51.70053003533569,70.64929328621908,59.805653710247356,,
82,Berkeley_11062012_CityCouncilDistrict2.csv,0,1.0,R,3.0,3.0,0.889732528041415,0.889732528041415,60.13805004314064,81.69111302847281,68.26574633304573,,,
83,Berkeley_11062012_CityCouncilDistrict3.csv,0,1.0,R,2.0,3.0,1.0,1.0,64.42121564072784,76.30662020905923,,,,
84,Berkeley_11062012_CityCouncilDistrict5.csv,0,1.0,R,2.0,3.0,1.0,1.0,71.30303791112227,65.85488325382877,,,,
85,Berkeley_11062012_CityCouncilDistrict6.csv,0,1.0,R,2.0,3.0,1.0,1.0,5.51981036234338,95.85167626142905,,,,
86,Berkeley_11062012_Mayor.csv,0,1.0,E,7.0,3.0,0.6513372410803475,0.7355862562904046,20.264998020996288,37.95163691878546,20.515671824641423,51.527602389882574,,0.05088866690540362
87,Berkeley_11062018_CityAuditor.csv,0,1.0,O,2.0,3.0,1.0,1.0,96.99315272402501,38.34276074228441,,,,
88,Berkeley_11062018_CityCouncilDistrict1.csv,0,1.0,R,4.0,3.0,0.6853775975671567,0.5988342625443487,74.40446021287379,66.81449569183984,28.535225544855553,73.97364419665485,,
89,Berkeley_11062018_CityCouncilDistrict4.csv,0,1.0,R,3.0,3.0,0.8544857768052516,0.8544857768052516,78.19110138584975,69.18307804522247,83.97155361050328,,,
90,Berkeley_11062018_CityCouncilDistrict7.csv,0,1.0,R,3.0,3.0,0.912224591329069,0.912224591329069,67.66169154228857,81.6631130063966,91.29353233830845,,,
91,Berkeley_11062018_CityCouncilDistrict8.csv,0,1.0,R,4.0,3.0,0.7640775217457653,0.7242484358309171,46.55882801770181,81.36731268121471,71.99755837021212,32.0921715244926,,
92,Berkeley_11082016_CityCouncilDistrict2.csv,0,1.0,R,3.0,3.0,0.83006718924972,0.83006718924972,76.37178051511758,73.4602463605823,74.13213885778276,,,
93,Berkeley_11082016_CityCouncilDistrict3.csv,0,1.0,R,4.0,3.0,0.7826758388319528,0.6544995086340025,25.22813421311245,82.83026814544434,54.766250175487855,63.48448687350835,,
94,Berkeley_11082016_CityCouncilDistrict5.csv,0,1.0,R,2.0,3.0,1.0,1.0,76.26555126555127,62.73058773058773,,,,
95,Berkeley_11082016_CityCouncilDistrict6.csv,0,1.0,R,3.0,3.0,0.8364367046215673,0.8281312793034159,64.75552578700604,57.56195579370396,82.57200267916946,,,
96,Berkeley_11082016_Mayor.csv,0,1.0,E,8.0,3.0,,0.6353300382922016,17.52838177493632,10.774109748486024,12.108432718746311,72.4093723115332,,45.12407010677958
97,Burlington_03032009_Mayor.csv,1,1.0,E,5.0,5.0,0.4939799331103679,0.5548494983277592,74.74916387959865,68.92976588628763,67.93756967670012,37.79264214046823,,67.84838350055742
98,Burlington_03072006_Mayor.csv,1,1.0,E,5.0,5.0,0.6233633387888707,0.6569148936170213,76.09451718494272,76.05360065466449,61.252045826513914,35.01432078559738,,32.43657937806874
99,Burlington_03072023_CityCouncilCentralDistrict.csv,1,1.0,R,2.0,3.0,1.0,1.0,71.65649929610511,81.37024870952605,,,,
100,Burlington_03072023_CityCouncilEastDistrict.csv,1,1.0,R,2.0,3.0,1.0,1.0,68.34170854271356,84.56568557071068,,,,
101,Burlington_03072023_CityCouncilNorthDistrict.csv,1,1.0,R,1.0,2.0,1.0,,100.0,,,,,
102,Burlington_03072023_CityCouncilSouthDistrict.csv,1,1.0,R,3.0,4.0,0.8566329565734682,0.8566329565734682,54.66983938132064,89.94646044021415,51.93337299226651,,,
103,Corvallis_11082022_CityCouncilWard9.csv,0,1.0,R,3.0,3.0,0.8319570602807597,0.8319570602807597,89.55408753096614,86.91164327002477,92.65070189925682,,,
104,Corvallis_11082022_Mayor.csv,0,1.0,E,3.0,3.0,0.7885464693035671,0.7885464693035671,92.31254549866537,90.90026692550352,89.49769473428779,,,
105,Easthampton_11022021_Mayor.csv,1,1.0,E,66.0,4.0,,0.6785540999514799,0.024260067928190198,0.024260067928190198,0.09704027171276079,0.024260067928190198,,0.048520135856380396
106,Eastpointe_11052019_CityCouncil.csv,0,1.0,R,4.0,4.0,0.593562574970012,0.622750899640144,77.04918032786885,61.295481807277085,67.9328268692523,83.34666133546581,,
107,ElkRidge_11022021_Mayor.csv,0,1.0,E,3.0,3.0,0.894576012223071,0.894576012223071,81.97097020626433,89.07563025210085,89.07563025210085,,,
108,Hawaii_05232020_PresidentoftheUnitedStateCD1.csv,DP,3.0,E,11.0,3.0,,0.7161763697455942,5.533840773503394,8.352190907220738,49.43427278337791,0.19200438867174105,,27.237193993005555
109,Hawaii_05232020_PresidentoftheUnitedStateCD1CD2.csv,DP,3.0,E,11.0,3.0,,0.7479414455626715,6.001258005489478,7.136322049405306,52.77904849039341,0.2859103385178408,,26.6153934126258
110,Hawaii_05232020_PresidentoftheUnitedStateCD2.csv,DP,3.0,E,11.0,3.0,,0.727553572304222,6.335507281910459,6.266856274211739,55.170891972735745,0.35306232530770365,,26.17074486343353
111,Kansas_05022020_PRESIDENTOFTHEUNITEDSTATES.csv,DP,3.0,E,5.0,5.0,0.6937725797562917,0.6049503670592398,62.22861769368413,62.817817511345154,92.99695874920907,34.41988311255349,,27.41480075384919
112,LasCruces_11052019_COUNCILORPOSITION2CITYOFLASCRUCESDISTRICT2COUNCILOR.csv,0,1.0,R,4.0,4.0,0.632,0.6551111111111111,60.977777777777774,48.48888888888889,66.8,74.04444444444445,,
113,LasCruces_11052019_COUNCILORPOSITION4CITYOFLASCRUCESDISTRICT4COUNCILOR.csv,0,1.0,R,3.0,3.0,0.8596153846153847,0.7557692307692307,73.46153846153847,80.83333333333333,73.14102564102564,,,
114,LasCruces_11052019_MAYORCITYOFLASCRUCES.csv,0,1.0,E,10.0,0.0,,0.3412291933418694,36.22136861573481,41.8622848200313,47.318252952055765,55.00782472613458,,46.59268743775786
115,Maine_06122018_DemocraticPrimaryforCD2.csv,1,3.0,R,4.0,5.0,0.6945124236611769,0.67619110611372,41.83257270101638,81.94104548360782,57.803646625658665,79.38796657627269,,
116,Maine_06122018_DemocraticPrimaryforGovernor.csv,1,2.0,E,7.0,8.0,0.3032284170521355,0.3116386457944889,74.06237850789847,41.00779929703182,51.2690717805089,69.47880384331584,,79.81703785396353
117,Maine_07142020_DemocraticCandidateforMaineStateHouseDistrict41.csv,1,2.0,R,3.0,3.0,0.839540412044374,0.7884310618066561,77.81299524564183,88.07448494453249,90.68938193343898,,,
118,Maine_07142020_DemocraticCandidateforMaineStateHouseDistrict47.csv,1,2.0,R,3.0,3.0,0.7944711538461539,0.7944711538461539,85.53685897435898,88.10096153846155,82.8525641025641,,,
119,Maine_07142020_DemocraticCandidateforMaineStateHouseDistrict49.csv,1,2.0,R,3.0,3.0,0.7753222836095764,0.7352670349907919,86.32596685082873,81.30755064456721,82.18232044198895,,,
120,Maine_07142020_DemocraticCandidateforMaineStateHouseDistrict90.csv,1,2.0,R,3.0,3.0,0.8723509117792015,0.7782158698866437,87.38294726466239,77.1315919172006,88.86150813208477,,,
121,Maine_07142020_DemocraticCandidateforMaineStateSenateDistrict11.csv,1,2.0,R,3.0,3.0,0.7908163265306123,0.7494331065759637,89.17233560090703,82.52078609221466,82.61526832955404,,,
122,Maine_07142020_RepublicanCandidateforUSHouseofRepresentativesDistrict2.csv,1,3.0,R,3.0,3.0,0.8487936063027915,0.8487936063027915,70.91587439869701,66.50695049429946,80.46096738759896,,,
123,Maine_11062018_CongressionalDistrict2.csv,1,3.0,R,4.0,5.0,0.7841143688242938,0.7910521835332881,45.356696042378225,62.194596569348846,41.27327683362686,65.3550417199439,,
124,Maine_11082022_CongressionalDistrict2.csv,1,3.0,R,3.0,4.0,0.9343845018357073,0.9343845018357073,49.72369765710753,63.40318693935226,62.49952687954984,,,
125,Minneapolis_08112020_Ward6CityCouncilSpecialElection.csv,0,1.0,R,12.0,3.0,,0.6857290723250097,32.09988355544055,25.139086557122525,19.924957950575752,15.500064691421917,,38.879544572389705
126,Minneapolis_11022021_CityCouncilWard1.csv,0,1.0,R,4.0,3.0,0.8903090256500044,0.7501531996848464,13.612886282062506,68.89608684233563,68.3095509060667,32.96857217893724,,
127,Minneapolis_11022021_CityCouncilWard2.csv,0,1.0,R,5.0,3.0,0.7081188950740468,0.7625249448587333,57.86156916290306,9.190211112278122,54.09095683226551,38.15775653817876,,62.03129923327382
128,Minneapolis_11022021_CityCouncilWard3.csv,0,1.0,R,4.0,3.0,0.8349354160408531,0.7897266446380294,19.607990387503754,43.038449984980474,68.30129167918294,55.95524181435867,,
129,Minneapolis_11022021_CityCouncilWard4.csv,0,1.0,R,3.0,3.0,0.9607897280132541,0.8234157117216623,80.87808918956235,38.837498274195774,57.97321551843159,,,
130,Minneapolis_11022021_CityCouncilWard5.csv,0,1.0,R,7.0,3.0,0.6939781021897811,0.570985401459854,22.51824817518248,11.605839416058394,3.156934306569343,50.65693430656935,,54.12408759124088
131,Minneapolis_11022021_CityCouncilWard6.csv,0,1.0,R,2.0,3.0,1.0,1.0,56.33103889867136,70.11365455418601,,,,
132,Minneapolis_11022021_CityCouncilWard7.csv,0,1.0,R,4.0,3.0,0.7923454874579777,0.8867339022498061,24.584087578657012,74.69183691061116,43.41867080424102,32.919575898629425,,
133,Minneapolis_11022021_CityCouncilWard8.csv,0,1.0,R,2.0,3.0,1.0,1.0,88.29827553534206,18.552207693765396,,,,
134,Minneapolis_11022021_CityCouncilWard9.csv,0,1.0,R,8.0,3.0,,0.7310107655502392,18.391148325358852,19.392942583732058,15.953947368421053,67.88277511961722,,5.293062200956937
135,Minneapolis_11022021_CityCouncilWard10.csv,0,1.0,R,6.0,3.0,0.7271701307251011,0.7873601053324556,56.4469105614596,46.52496943477852,33.96031223549328,26.53061224489796,,53.324555628703095
136,Minneapolis_11022021_CityCouncilWard11.csv,0,1.0,R,5.0,3.0,0.8080550980685731,0.8156161101961371,19.70354843539452,24.18026650696212,75.55023207066927,48.368019164545586,,13.632280281479265
137,Minneapolis_11022021_CityCouncilWard12.csv,0,1.0,R,3.0,3.0,0.9625979112271541,0.9625979112271541,80.92689295039165,27.304177545691903,50.50261096605744,,,
138,Minneapolis_11022021_CityCouncilWard13.csv,0,1.0,R,5.0,3.0,0.8767089992100626,0.873549249559458,14.923740657470985,21.352615908124204,13.580847055964027,81.06580786291548,,47.65145530777177
139,Minneapolis_11022021_Mayor.csv,0,1.0,E,18.0,3.0,,0.7253665994857182,19.683786225588992,5.538258391827091,0.004864827298630898,2.961984849537841,,12.352491486552228
140,Minneapolis_11022021_ParkBoardAtLarge.csv,0,1.0,B,7.0,3.0,0.5962669129009158,0.5478178117815551,38.5934496664531,24.353635095918293,19.423924923679944,25.049937813289112,,35.05069159160291
141,Minneapolis_11022021_ParkBoardDistrict1.csv,0,1.0,B,1.0,3.0,1.0,,100.0,,,,,
142,Minneapolis_11022021_ParkBoardDistrict2.csv,0,1.0,B,3.0,3.0,0.8297971338172343,0.8066257211985856,67.4390470872883,62.8140703517588,64.43327749860414,,,
143,Minneapolis_11022021_ParkBoardDistrict3.csv,0,1.0,B,3.0,3.0,0.9033298236377995,0.9033298236377995,44.30771255593577,72.38088970781784,40.22769149776257,,,
144,Minneapolis_11022021_ParkBoardDistrict4.csv,0,1.0,B,2.0,3.0,1.0,1.0,74.77126221667706,56.59180702848825,,,,
145,Minneapolis_11022021_ParkBoardDistrict5.csv,0,1.0,B,3.0,3.0,0.9174923519473996,0.8685904753207616,54.59568056253139,36.30884434500708,78.23843660106844,,,
146,Minneapolis_11022021_ParkBoardDistrict6.csv,0,1.0,B,4.0,3.0,0.7503882939589634,0.7402926510259135,54.083217526363114,45.28733752963296,57.66369655848933,44.93174200931905,,
147,Minneapolis_11052013_Mayor.csv,0,1.0,E,35.0,3.0,,0.5144120537176547,1.1590113129582504,2.275189599133261,62.51480259013833,0.5543097583713371,,0.40691375444077704
148,Minneapolis_11052013_PRBoardDistrict2.csv,0,1.0,B,2.0,3.0,1.0,1.0,59.75407111997342,85.14456630109672,,,,
149,Minneapolis_11052013_PRBoardDistrict6.csv,0,1.0,B,2.0,3.0,1.0,1.0,82.65090139405883,63.36763739873001,,,,
150,Minneapolis_11052013_Ward5CityCouncil.csv,0,1.0,R,4.0,3.0,0.7276632302405498,0.7302405498281787,78.35051546391753,58.04696449026346,63.144329896907216,23.596792668957615,,
151,Minneapolis_11052013_Ward9CityCouncil.csv,0,1.0,R,6.0,3.0,0.6777911164465786,0.60984393757503,30.324129651860744,73.54141656662665,26.53061224489796,14.213685474189674,,24.75390156062425
152,Minneapolis_11052013_Ward13CityCouncil.csv,0,1.0,R,5.0,3.0,0.8175035868005739,0.5315160210425633,16.652319464371114,8.225729316116691,77.88617886178861,79.79913916786226,,60.8130081300813
153,Minneapolis_11062009_Mayor.csv,0,1.0,E,11.0,3.0,,0.8132087614566921,21.615143916024945,2.481081201038592,2.634206963893389,7.756152770688622,,21.324426887996275
154,Minneapolis_11062009_PRBoardDistrict1.csv,0,1.0,B,3.0,3.0,0.9374032674118659,0.9030094582975065,39.604471195184864,31.88306104901118,85.03869303525366,,,
155,Minneapolis_11062009_PRBoardDistrict2.csv,0,1.0,B,2.0,3.0,1.0,1.0,73.23332017370706,61.64626924595341,,,,
156,Minneapolis_11062009_PRBoardDistrict3.csv,0,1.0,B,2.0,3.0,1.0,1.0,42.26101767085373,83.60655737704919,,,,
157,Minneapolis_11062009_PRBoardDistrict4.csv,0,1.0,B,1.0,3.0,1.0,,100.0,,,,,
158,Minneapolis_11062009_PRBoardDistrict5.csv,0,1.0,B,5.0,3.0,0.7627942681678608,0.8303480040941658,61.82190378710338,15.775332650972365,55.424769703172984,8.303480040941658,,46.430399181166834
159,Minneapolis_11062009_PRBoardDistrict6.csv,0,1.0,B,4.0,3.0,0.8513399831750992,0.844610022833794,63.97067660137002,15.971638024275927,63.38180507150582,31.210191082802545,,
160,Minneapolis_11062009_Ward1CityCouncil.csv,0,1.0,R,5.0,3.0,0.8122479838709677,0.7830141129032258,70.3125,47.02620967741936,17.389112903225808,47.253024193548384,,16.607862903225808
161,Minneapolis_11062009_Ward2CityCouncil.csv,0,1.0,R,2.0,3.0,1.0,1.0,27.316890881913302,89.01345291479821,,,,
162,Minneapolis_11062009_Ward3CityCouncil.csv,0,1.0,R,4.0,3.0,0.9017816354499771,0.8839652809502055,47.73869346733669,80.72179077204203,18.273184102329832,15.212425765189586,,
163,Minneapolis_11062009_Ward4CityCouncil.csv,0,1.0,R,4.0,3.0,0.7645631067961165,0.7430218446601942,66.80825242718447,31.06796116504854,40.74635922330097,55.8252427184466,,
164,Minneapolis_11062009_Ward5CityCouncil.csv,0,1.0,R,5.0,3.0,0.7441108545034643,0.707621247113164,64.01847575057737,48.545034642032334,23.418013856812934,58.66050808314087,,11.408775981524249
165,Minneapolis_11062009_Ward6CityCouncil.csv,0,1.0,R,6.0,3.0,0.6353734439834025,0.6229253112033195,31.690871369294605,19.19087136929461,38.018672199170126,22.251037344398338,,33.143153526970956
166,Minneapolis_11062009_Ward7CityCouncil.csv,0,1.0,R,3.0,3.0,0.9329979419163046,0.8852046649897096,31.351474959981708,77.38394694717586,41.18454150468786,,,
167,Minneapolis_11062009_Ward8CityCouncil.csv,0,1.0,R,5.0,3.0,0.8832848367280957,0.806660200452635,9.279017135467184,88.16682832201745,22.793404461687683,52.214678305851926,,16.4241836404785
168,Minneapolis_11062009_Ward9CityCouncil.csv,0,1.0,R,4.0,3.0,0.8693618443033745,0.8145673237554293,61.64383561643836,80.9221516872703,29.368526561977948,22.652856665552957,,
169,Minneapolis_11062009_Ward10CityCouncil.csv,0,1.0,R,4.0,3.0,0.805655836341757,0.8811672683513839,26.985559566787003,32.2202166064982,39.25992779783393,85.46931407942239,,
170,Minneapolis_11062009_Ward11CityCouncil.csv,0,1.0,R,3.0,3.0,0.9722291718789092,0.9434575931948962,27.420565424068048,55.46659994996247,81.48611458593945,,,
171,Minneapolis_11062009_Ward12CityCouncil.csv,0,1.0,R,4.0,3.0,0.855656973041817,0.8367650180428784,15.623009976650392,45.489280407556784,35.95839524517088,77.86032689450224,,
172,Minneapolis_11062009_Ward13CityCouncil.csv,0,1.0,R,3.0,3.0,0.9284041485446638,0.9284041485446638,79.00635664101706,35.028437604550014,43.91100702576112,,,
173,Minneapolis_11072017_Mayor.csv,0,1.0,E,18.0,3.0,,0.5864700531431034,5.149614592808924,5.0988653229281375,47.78187389285201,4.019725187915928,,2.9118590510844067
174,Minneapolis_11072017_PRBoardDistrict1.csv,0,1.0,B,3.0,3.0,0.8774420238931834,0.8774420238931834,73.20449754040759,74.95432185523542,55.55867884750527,,,
175,Minneapolis_11072017_PRBoardDistrict2.csv,0,1.0,B,2.0,3.0,1.0,1.0,78.91654465592973,72.41806509742088,,,,
176,Minneapolis_11072017_PRBoardDistrict3.csv,0,1.0,B,3.0,3.0,0.9328168917529307,0.9328168917529307,70.26119147185851,66.07938575443887,41.29704531432097,,,
177,Minneapolis_11072017_PRBoardDistrict4.csv,0,1.0,B,2.0,3.0,1.0,1.0,71.37430167597766,73.57169459962756,,,,
178,Minneapolis_11072017_PRBoardDistrict5.csv,0,1.0,B,3.0,3.0,0.8854579207920792,0.8854579207920792,54.16460396039604,62.134900990099005,81.5779702970297,,,
179,Minneapolis_11072017_PRBoardDistrict6.csv,0,1.0,B,4.0,3.0,0.8217209781488912,0.8673209347720002,65.96540692945833,62.820582334761156,35.82931193406713,19.053299354768747,,
180,Minneapolis_11072017_Ward1CityCouncil.csv,0,1.0,R,3.0,3.0,0.8919073819348923,0.8359697386519945,76.89133425034387,50.779458963778076,82.06098120128381,,,
181,Minneapolis_11072017_Ward2CityCouncil.csv,0,1.0,R,1.0,3.0,1.0,,100.0,,,,,
182,Minneapolis_11072017_Ward3CityCouncil.csv,0,1.0,R,4.0,3.0,0.669104586772542,0.7464214815588758,54.466617908264546,47.84244070630028,72.32264131229756,57.42346672239056,,
183,Minneapolis_11072017_Ward4CityCouncil.csv,0,1.0,R,4.0,3.0,0.8025489823093018,0.7220848392619365,66.44474034620505,21.70439414114514,69.45025680045653,58.87388244245767,,
184,Minneapolis_11072017_Ward5CityCouncil.csv,0,1.0,R,4.0,3.0,0.7491090520313614,0.6604894274174388,67.07056307911617,31.622713233547163,74.74459491565693,51.60370634354954,,
185,Minneapolis_11072017_Ward6CityCouncil.csv,0,1.0,R,4.0,3.0,0.9793485793485793,0.9437283437283437,68.12196812196812,14.109494109494108,59.47331947331948,0.15246015246015246,,
186,Minneapolis_11072017_Ward7CityCouncil.csv,0,1.0,R,4.0,3.0,0.8346179255670557,0.6897159216031711,65.58026866329001,16.141818982602953,79.71812376128607,50.627615062761514,,
187,Minneapolis_11072017_Ward8CityCouncil.csv,0,1.0,R,4.0,3.0,0.896525488206949,0.7241947755516105,90.02028911995941,54.65381689069236,14.215064671569872,54.97083439005833,,
188,Minneapolis_11072017_Ward9CityCouncil.csv,0,1.0,R,4.0,3.0,0.7914322018515157,0.688509711381376,72.78998003267381,66.23706661826103,69.06879651479397,10.038119440914867,,
189,Minneapolis_11072017_Ward10CityCouncil.csv,0,1.0,R,4.0,3.0,0.8290913886324673,0.8020572332849796,11.71040485296057,59.765264407226695,83.14651193459054,64.30172754846367,,
190,Minneapolis_11072017_Ward11CityCouncil.csv,0,1.0,R,3.0,3.0,0.8148675279176703,0.8148675279176703,72.60783884388002,79.13291000656886,76.49441646595139,,,
191,Minneapolis_11072017_Ward12CityCouncil.csv,0,1.0,R,3.0,3.0,0.9538294939948809,0.8549911399881867,94.41819255759007,32.42764323685765,37.32033864934042,,,
192,Minneapolis_11072017_Ward13CityCouncil.csv,0,1.0,R,2.0,3.0,1.0,1.0,35.79096797089877,88.51033626120132,,,,
193,Minnetonka_11022021_CityCouncilAtLargeSeatA.csv,0,1.0,R,5.0,3.0,0.7894688050431075,0.6941689070177065,69.16658941318254,36.62742189672754,38.97283767497915,31.0373597849263,,35.412997126170396
194,Minnetonka_11022021_CityCouncilAtLargeSeatB.csv,0,1.0,R,5.0,3.0,0.7814836678473042,0.8196576151121606,39.06926406926407,39.07910271546635,36.92443919716647,55.519480519480524,,41.617473435655256
195,Minnetonka_11022021_Mayor.csv,0,1.0,E,2.0,3.0,1.0,1.0,73.07971672416924,50.69911022335209,,,,
196,NewYorkCity_06222021_CONCouncilMember19thCouncilDistrict.csv,,1.0,R,2.0,3.0,1.0,1.0,40.33613445378151,94.9579831932773,,,,
197,NewYorkCity_06222021_DEMBoroughPresidentBronx.csv,DP,1.0,E,5.0,5.0,0.5727704152964574,0.5941358328574523,66.68077900084674,50.668530807553715,55.94588740326487,38.129885985467574,,71.65291534568655
198,NewYorkCity_06222021_DEMBoroughPresidentKings.csv,DP,1.0,E,12.0,5.0,,0.4826242286456642,13.619370754527926,46.04769440202332,46.12336141189803,25.962422173543498,,25.733002563695038
199,NewYorkCity_06222021_DEMBoroughPresidentNewYork.csv,DP,1.0,E,7.0,5.0,0.5222218481170351,0.5880793252638844,37.94464739650847,52.056783555832396,36.494755980539054,21.71975219272403,,26.88128145990808
200,NewYorkCity_06222021_DEMBoroughPresidentQueens.csv,DP,1.0,E,3.0,4.0,0.8706280460335013,0.8706280460335013,72.69730106073638,71.6288856124831,53.71820862513822,,,
201,NewYorkCity_06222021_DEMBoroughPresidentRichmond.csv,DP,1.0,E,5.0,5.0,0.5585550523634305,0.5755024058873479,45.97367676195868,50.29719784885367,59.25559015001415,76.1675629776394,,43.92867251627512
202,NewYorkCity_06222021_DEMComptrollerCitywide.csv,DP,1.0,O,10.0,5.0,,0.5070207190653164,11.694597569343705,49.163799892236916,29.15555647660758,52.66598508816771,,22.223834063267063
203,NewYorkCity_06222021_DEMCouncilMember1stCouncilDistrict.csv,DP,1.0,R,9.0,5.0,,0.4368331883327991,60.06685287787903,10.801776638124457,46.439855304730074,50.05265808874033,,29.19547598333257
204,NewYorkCity_06222021_DEMCouncilMember2ndCouncilDistrict.csv,DP,1.0,R,2.0,3.0,1.0,1.0,84.72621121521729,52.40359715617496,,,,
205,NewYorkCity_06222021_DEMCouncilMember3rdCouncilDistrict.csv,DP,1.0,R,6.0,5.0,0.5703012660891523,0.590081717111493,36.97611615754217,42.91025146424438,70.05927120962369,43.56609265948865,,32.69736611370252
206,NewYorkCity_06222021_DEMCouncilMember5thCouncilDistrict.csv,DP,1.0,R,7.0,5.0,0.4895140664961637,0.5347629352744442,37.57229982293921,26.551249262246706,62.742474916387955,45.63446783395633,,16.07711981113516
207,NewYorkCity_06222021_DEMCouncilMember6thCouncilDistrict.csv,DP,1.0,R,6.0,5.0,0.599477170630187,0.6028019593411335,30.40785766858709,78.35334128575417,39.57006167356158,37.463516154412325,,44.27552600187813
208,NewYorkCity_06222021_DEMCouncilMember7thCouncilDistrict.csv,DP,1.0,R,12.0,5.0,,0.4154389592487292,16.304816059274575,24.256913931248384,33.721030412682005,16.455587145687947,,13.440165417420522
209,NewYorkCity_06222021_DEMCouncilMember8thCouncilDistrict.csv,DP,1.0,R,4.0,5.0,0.7303284296955183,0.7059527882312693,47.58809442353746,82.15874101950051,42.10571330824495,63.026000684228535,,
210,NewYorkCity_06222021_DEMCouncilMember9thCouncilDistrict.csv,DP,1.0,R,13.0,5.0,,0.32657034931266793,40.65189454418007,12.83539078624557,40.406557887768216,11.153082285135714,,29.584485377156433
211,NewYorkCity_06222021_DEMCouncilMember10thCouncilDistrict.csv,DP,1.0,R,8.0,5.0,,0.5476251211672873,52.47181266261926,71.36880771389215,25.085454823733482,14.876792000408143,,60.6244579358196
212,NewYorkCity_06222021_DEMCouncilMember11thCouncilDistrict.csv,DP,1.0,R,7.0,5.0,0.4742092600199519,0.5201572677659762,52.403027991315064,17.32879525849422,36.0835631711754,70.28930227099349,,42.7967842262778
213,NewYorkCity_06222021_DEMCouncilMember12thCouncilDistrict.csv,DP,1.0,R,3.0,4.0,0.8115448936047518,0.8115448936047518,81.44859004671011,69.22322818753244,65.04815177902081,,,
214,NewYorkCity_06222021_DEMCouncilMember13thCouncilDistrict.csv,DP,1.0,R,5.0,5.0,0.6312619214938259,0.6234313823913262,43.017769300271055,41.66248368637687,44.061841180604354,80.01204698323463,,59.27115751430579
215,NewYorkCity_06222021_DEMCouncilMember14thCouncilDistrict.csv,DP,1.0,R,6.0,5.0,0.5098454372221046,0.5432987507939868,53.18653398263815,49.73533770908321,40.90620368409909,68.36756298962524,,29.462206224857084
216,NewYorkCity_06222021_DEMCouncilMember15thCouncilDistrict.csv,DP,1.0,R,8.0,5.0,,0.49265687583444595,40.720961281708945,51.30476999635878,48.58599344580653,22.709066634300278,,17.489986648865152
217,NewYorkCity_06222021_DEMCouncilMember16thCouncilDistrict.csv,DP,1.0,R,4.0,5.0,0.7149915999604703,0.7235892874789999,58.73109991105841,59.620515861251114,76.08459333926277,48.22610929933788,,
218,NewYorkCity_06222021_DEMCouncilMember17thCouncilDistrict.csv,DP,1.0,R,2.0,3.0,1.0,1.0,67.7676790068721,82.01064065617379,,,,
219,NewYorkCity_06222021_DEMCouncilMember18thCouncilDistrict.csv,DP,1.0,R,8.0,5.0,,0.42242178034352507,62.51870857387214,45.97676573301974,17.297412871498825,40.06841992730383,,25.29399187513363
220,NewYorkCity_06222021_DEMCouncilMember19thCouncilDistrict.csv,DP,1.0,R,6.0,5.0,0.5789554179093064,0.6561137875659555,38.57918482832454,52.259692590043585,24.753383803624686,17.343427391603576,,58.28553949682649
221,NewYorkCity_06222021_DEMCouncilMember20thCouncilDistrict.csv,DP,1.0,R,8.0,5.0,,0.5190717775272454,29.481397970687713,33.58699736941,51.06163096580233,37.94626080420894,,34.93987222848553
222,NewYorkCity_06222021_DEMCouncilMember21stCouncilDistrict.csv,DP,1.0,R,5.0,5.0,0.6572598333089633,0.6098844860359701,49.84646878198567,76.57552273724228,40.98552419944436,54.37929521859921,,38.061120046790464
223,NewYorkCity_06222021_DEMCouncilMember22ndCouncilDistrict.csv,DP,1.0,R,6.0,5.0,0.5957761221599656,0.5367896065513207,40.28077088849209,68.4502185825996,28.187919463087248,39.33871067052521,,29.216181269626258
224,NewYorkCity_06222021_DEMCouncilMember23rdCouncilDistrict.csv,DP,1.0,R,7.0,5.0,0.5170578272441326,0.547483668037745,42.87442535688362,27.274376965884343,51.39729010404065,25.9133801112993,,61.12388095814178
225,NewYorkCity_06222021_DEMCouncilMember24thCouncilDistrict.csv,DP,1.0,R,4.0,5.0,0.7150954653937948,0.6876491646778043,78.41587112171837,43.15334128878281,47.896778042959426,43.571002386634845,,
226,NewYorkCity_06222021_DEMCouncilMember25thCouncilDistrict.csv,DP,1.0,R,8.0,5.0,,0.5503450123936491,37.27473705366115,46.40584176324781,30.99082200040196,29.79835197963422,,22.878006297313593
227,NewYorkCity_06222021_DEMCouncilMember26thCouncilDistrict.csv,DP,1.0,R,15.0,5.0,,0.31559274755927474,39.241283124128316,16.652719665271967,30.398884239888424,18.521617852161786,,25.450488145048816
228,NewYorkCity_06222021_DEMCouncilMember27thCouncilDistrict.csv,DP,1.0,R,12.0,5.0,,0.3234573947110676,22.100881488736533,17.96278158667973,27.884427032321252,39.5739471106758,,31.640548481880508
229,NewYorkCity_06222021_DEMCouncilMember28thCouncilDistrict.csv,DP,1.0,R,3.0,4.0,0.9416797376301155,0.8293169827463283,77.09254242121773,57.8283188364466,59.81748181947811,,,
230,NewYorkCity_06222021_DEMCouncilMember29thCouncilDistrict.csv,DP,1.0,R,9.0,5.0,,0.39110384682738897,38.55583445216275,31.253283521102095,43.24908061409141,33.10373007997198,,32.228124452746485
231,NewYorkCity_06222021_DEMCouncilMember30thCouncilDistrict.csv,DP,1.0,R,2.0,3.0,1.0,1.0,62.24053405653489,69.14571816000834,,,,
232,NewYorkCity_06222021_DEMCouncilMember31stCouncilDistrict.csv,DP,1.0,R,3.0,4.0,0.9034456881996122,0.8451003689575386,54.83709586642487,51.560252642111195,85.96085297980113,,,
233,NewYorkCity_06222021_DEMCouncilMember32ndCouncilDistrict.csv,DP,1.0,R,6.0,5.0,0.5941688680168281,0.5513159182076118,35.09441346247921,61.256237158790725,36.85549359162509,37.41316896585462,,61.31493982976225
234,NewYorkCity_06222021_DEMCouncilMember33rdCouncilDistrict.csv,DP,1.0,R,8.0,5.0,,0.59568853245596,25.275892795942152,15.402015216944273,52.47789430392762,70.99869764891356,,23.13386798272671
235,NewYorkCity_06222021_DEMCouncilMember34thCouncilDistrict.csv,DP,1.0,R,4.0,5.0,0.7918877706617872,0.7057639524245197,37.3162549557792,90.58249466300701,33.16864897834706,40.530649588289116,,
236,NewYorkCity_06222021_DEMCouncilMember35thCouncilDistrict.csv,DP,1.0,R,7.0,5.0,0.6284012144125566,0.5852666552099445,71.2178495732371,29.39794924672051,23.91590765881881,21.20066448988944,,62.66827060777912
237,NewYorkCity_06222021_DEMCouncilMember36thCouncilDistrict.csv,DP,1.0,R,5.0,5.0,0.6032524522457409,0.6525985200481845,65.45775253828945,53.98812596799174,30.773532954741007,49.73756668387541,,63.267940113577694
238,NewYorkCity_06222021_DEMCouncilMember37thCouncilDistrict.csv,DP,1.0,R,6.0,5.0,0.5954787722845065,0.5582613490167249,25.978680389634256,55.6974820804999,38.42124609446793,35.4438522330454,,37.81473993751149
239,NewYorkCity_06222021_DEMCouncilMember38thCouncilDistrict.csv,DP,1.0,R,6.0,5.0,0.6228019483199868,0.6455873854536448,64.0221249896805,41.78981259803517,43.523487162552634,48.74927763559811,,21.66267646330389
240,NewYorkCity_06222021_DEMCouncilMember39thCouncilDistrict.csv,DP,1.0,R,7.0,5.0,0.4906816795163348,0.545482278551223,57.404736812912525,34.572078318265014,41.50535248765877,23.761717233346275,,57.185645349159685
241,NewYorkCity_06222021_DEMCouncilMember40thCouncilDistrict.csv,DP,1.0,R,11.0,5.0,,0.4470730289343053,22.056258664639326,30.90648897634274,30.624748445955014,19.900720003577657,,12.521801350565717
242,NewYorkCity_06222021_DEMCouncilMember41stCouncilDistrict.csv,DP,1.0,R,2.0,3.0,1.0,1.0,72.14828280205154,77.39401415308707,,,,
243,NewYorkCity_06222021_DEMCouncilMember42ndCouncilDistrict.csv,DP,1.0,R,4.0,5.0,0.7011391270958659,0.6611416869320363,75.75195187508,44.18277230257264,70.86266478945348,50.83194675540766,,
244,NewYorkCity_06222021_DEMCouncilMember45thCouncilDistrict.csv,DP,1.0,R,3.0,4.0,0.9394395433316035,0.9103269330565646,53.07213284898806,39.88064348728594,88.80643487285937,,,
245,NewYorkCity_06222021_DEMCouncilMember46thCouncilDistrict.csv,DP,1.0,R,8.0,5.0,,0.5388320614818423,30.4053688369324,41.92238999837636,37.13265140444877,61.15711425014884,,27.758835308762247
246,NewYorkCity_06222021_DEMCouncilMember47thCouncilDistrict.csv,DP,1.0,R,4.0,5.0,0.7216404886561955,0.6955871353777113,43.767140363999005,70.74295686861132,43.280977312390924,62.93941660433807,,
247,NewYorkCity_06222021_DEMCouncilMember48thCouncilDistrict.csv,DP,1.0,R,5.0,5.0,0.5899108501848228,0.6228527940856708,52.707110241356816,46.434007392911504,32.84409654272668,58.44748858447488,,69.79778212654925
248,NewYorkCity_06222021_DEMCouncilMember49thCouncilDistrict.csv,DP,1.0,R,9.0,5.0,,0.4122526193247963,49.51251455180443,27.92491268917346,15.752328288707801,60.72467986030268,,40.99243306169965
249,NewYorkCity_06222021_DEMMayorCitywide.csv,DP,1.0,E,13.0,5.0,,0.3477280116408493,3.874034827235266,43.74256693859007,9.195127194705702,26.33487986901926,,56.42931350548206
250,NewYorkCity_06222021_DEMPublicAdvocateCitywide.csv,DP,1.0,O,3.0,4.0,0.9171178844228013,0.8741470634437528,51.022173895968734,85.0891963005871,39.60914642527539,,,
251,NewYorkCity_06222021_REPBoroughPresidentQueens.csv,RP,1.0,E,2.0,3.0,1.0,1.0,73.17702731770274,78.6907578690758,,,,
252,NewYorkCity_06222021_REPBoroughPresidentRichmond.csv,RP,1.0,E,4.0,5.0,0.7526898169394728,0.7288766508592117,35.63306307684463,46.13227270409464,68.76752842792311,72.88766508592117,,
253,NewYorkCity_06222021_REPCouncilMember15thCouncilDistrict.csv,RP,1.0,R,2.0,3.0,1.0,1.0,68.87417218543047,80.79470198675497,,,,
254,NewYorkCity_06222021_REPCouncilMember19thCouncilDistrict.csv,RP,1.0,R,2.0,3.0,1.0,1.0,71.64310954063605,75.8833922261484,,,,
255,NewYorkCity_06222021_REPCouncilMember23rdCouncilDistrict.csv,RP,1.0,R,2.0,3.0,1.0,1.0,67.38987508218277,83.30046022353714,,,,
256,NewYorkCity_06222021_REPCouncilMember24thCouncilDistrict.csv,RP,1.0,R,2.0,3.0,1.0,1.0,71.73913043478261,79.41176470588235,,,,
257,NewYorkCity_06222021_REPCouncilMember32ndCouncilDistrict.csv,RP,1.0,R,2.0,3.0,1.0,1.0,89.76405274115197,49.8265093684941,,,,
258,NewYorkCity_06222021_REPCouncilMember50thCouncilDistrict.csv,RP,1.0,R,5.0,5.0,0.6760070052539404,0.7117338003502627,57.279626386456506,29.270286047869238,34.20899007589025,60.58377116170461,,50.904845300642144
259,NewYorkCity_06222021_REPMayorCitywide.csv,RP,1.0,E,2.0,3.0,1.0,1.0,86.56744344276237,63.43595849634291,,,,
260,Oakland_11022010_CityAuditor.csv,0,1.0,O,2.0,3.0,1.0,1.0,88.30886295211778,70.33344331257474,,,,
261,Oakland_11022010_CityCouncilDistrict2.csv,0,1.0,E,2.0,3.0,1.0,1.0,67.87107219074251,83.26587681212746,,,,
262,Oakland_11022010_CityCouncilDistrict4.csv,0,1.0,R,7.0,3.0,0.5788394602584275,0.5199065465121824,23.21079483144996,35.14995470366662,12.668669241405617,55.73833023411052,,67.80145901873837
263,Oakland_11022010_CityCouncilDistrict6.csv,0,1.0,R,3.0,3.0,0.8288778364936276,0.7736244948709978,86.22163506372397,68.8607398197078,67.97482126204538,,,
264,Oakland_11022010_Mayor.csv,0,1.0,E,10.0,3.0,,0.42566382032986316,3.9536787928412678,5.2712932172518085,54.85353341242919,4.6379693531407185,,62.54699797804254
265,Oakland_11022010_SchoolDirectorDistrict2.csv,0,1.0,B,1.0,3.0,1.0,,100.0,,,,,
266,Oakland_11022010_SchoolDirectorDistrict4.csv,0,1.0,B,2.0,3.0,1.0,1.0,67.69141224403408,87.78771363564209,,,,
267,Oakland_11022010_SchoolDirectorDistrict6.csv,0,1.0,B,1.0,3.0,1.0,,100.0,,,,,
268,Oakland_11032020_CityAttorneyOaklandRCV.csv,0,1.0,O,2.0,5.0,1.0,1.0,92.84720131341994,70.68267160524687,,,,
269,Oakland_11032020_MemberCityCouncilAtLargeOaklandRCV.csv,0,1.0,R,3.0,5.0,0.8568182062963801,0.8568182062963801,78.6993656230142,63.57771387336155,84.34036640925393,,,
270,Oakland_11032020_MemberCityCouncilDist1OaklandRCV.csv,0,1.0,R,3.0,5.0,0.8099756031444836,0.7952832746001627,88.18650040661426,71.26592572512877,67.22146923285443,,,
271,Oakland_11032020_MemberCityCouncilDist3OaklandRCV.csv,0,1.0,R,6.0,5.0,0.5003731706525619,0.3979621637407924,39.27702242268877,79.02780932602134,34.02991855144887,63.32219229645975,,48.62900347210955
272,Oakland_11032020_MemberCityCouncilDist5OaklandRCV.csv,0,1.0,R,3.0,5.0,0.8367312457760757,0.8367312457760757,82.7720207253886,79.33093038972741,71.29984230682587,,,
273,Oakland_11032020_MemberCityCouncilDist7OaklandRCV.csv,0,1.0,R,5.0,5.0,0.3727147731323522,0.3634465549727555,69.55746804501706,63.81320975709121,67.31170749096094,72.42959718897998,,77.46600804603555
274,Oakland_11032020_SchoolDirectorDist1OaklandRCV.csv,0,1.0,B,3.0,5.0,0.9265703845484601,0.9265703845484601,69.54643002146047,88.53024766544864,70.98196160315527,,,
275,Oakland_11032020_SchoolDirectorDist3OaklandRCV.csv,0,1.0,B,5.0,5.0,0.5084087968952135,0.478060207685046,69.1654137967204,66.26341736302926,53.805810985629876,53.90720604174679,,82.71389112268803
276,Oakland_11032020_SchoolDirectorDist5OaklandRCV.csv,0,1.0,B,4.0,5.0,0.5857042910447762,0.605293843283582,63.164645522388064,73.60657649253731,82.74253731343283,68.5576026119403,,
277,Oakland_11032020_SchoolDirectorDist7OaklandRCV.csv,0,1.0,B,5.0,5.0,0.42832272455252707,0.3809912409553343,75.3821881290463,65.51874217942441,75.90446656873947,68.32598879277515,,66.16070942821392
278,Oakland_11042014_CityAuditor.csv,0,1.0,O,2.0,3.0,1.0,1.0,89.54648040043877,62.32521780792556,,,,
279,Oakland_11042014_CityCouncilDistrict2.csv,0,1.0,R,5.0,3.0,0.6145173176123803,0.6627855563743552,65.41635961680177,54.067796610169495,60.37582903463522,12.32129697862933,,40.79587324981577
280,Oakland_11042014_CityCouncilDistrict4.csv,0,1.0,R,3.0,3.0,0.9201806378775049,0.9006491673722834,88.08354501834603,72.38498447643241,51.730172170477,,,
281,Oakland_11042014_CityCouncilDistrict6.csv,0,1.0,R,5.0,3.0,0.629851547129315,0.6720622428903595,60.25755678769451,46.93257020211053,52.673940261133964,61.71525666249329,,0.947952065820068
282,Oakland_11042014_Mayor.csv,0,1.0,E,16.0,3.0,,0.5545975326021076,23.19881909007371,3.5622812677185367,15.313703638532076,32.648053649285394,,2.460554871253446
283,Oakland_11042014_SchoolDirectorDistrict2.csv,0,1.0,B,2.0,3.0,1.0,1.0,89.0643674235957,56.67577257981902,,,,
284,Oakland_11042014_SchoolDirectorDistrict4.csv,0,1.0,B,4.0,3.0,0.6788104089219331,0.7097893432465923,31.57372986369269,67.6084262701363,70.8364312267658,56.78438661710037,,
285,Oakland_11042014_SchoolDirectorDistrict6.csv,0,1.0,B,2.0,3.0,1.0,1.0,70.55539512946386,81.05688709211665,,,,
286,Oakland_11062012_CityAttorney.csv,0,1.0,O,2.0,3.0,1.0,1.0,86.39797718991346,60.37186705065428,,,,
287,Oakland_11062012_CityCouncilAtLarge.csv,0,1.0,R,5.0,3.0,0.6782834580216126,0.6298697700193959,52.09199224161818,53.79398725408701,19.03366583541147,68.1303685231366,,31.27944028816847
288,Oakland_11062012_CityCouncilDistrict1.csv,0,1.0,R,7.0,3.0,0.5611153819274582,0.6032566915927039,56.953665525193934,19.07191278216507,61.352994618771405,16.339366832063735,,21.496959955272903
289,Oakland_11062012_CityCouncilDistrict3.csv,0,1.0,R,6.0,3.0,0.5326831481061465,0.5322295305057836,29.063279655250625,35.49557722839646,25.502381492401906,57.464277613971426,,48.881832615105466
290,Oakland_11062012_CityCouncilDistrict5.csv,0,1.0,R,4.0,3.0,0.6768017019767751,0.7247584434004077,38.276748515202556,48.24040421948409,62.006914280648886,68.29181810123217,,
291,Oakland_11062012_CityCouncilDistrict7.csv,0,1.0,R,3.0,3.0,0.8680087994133724,0.8680087994133724,57.48950069995333,81.66788880741284,68.95540297313512,,,
292,Oakland_11062012_SchoolDirectorDistrict1.csv,0,1.0,B,2.0,3.0,1.0,1.0,86.78048966807991,56.95733547228906,,,,
293,Oakland_11062012_SchoolDirectorDistrict3.csv,0,1.0,B,3.0,3.0,0.8139591321652186,0.7603747027131971,67.05334174634761,79.34766781536669,70.09173421346406,,,
294,Oakland_11062012_SchoolDirectorDistrict5.csv,0,1.0,B,2.0,3.0,1.0,1.0,70.12833348502777,78.36534085737689,,,,
295,Oakland_11062012_SchoolDirectorDistrict7.csv,0,1.0,B,2.0,3.0,1.0,1.0,71.16949878623447,79.57304012566043,,,,
296,Oakland_11062018_CityAuditor.csv,0,1.0,O,2.0,3.0,1.0,1.0,58.62656537170835,85.76339541493977,,,,
297,Oakland_11062018_CityCouncilDistrict2.csv,0,1.0,R,3.0,3.0,0.9315466273147046,0.9315466273147046,74.44661303375065,52.14452325415338,80.95872804303328,,,
298,Oakland_11062018_CityCouncilDistrict4.csv,0,1.0,R,7.0,3.0,0.6001028725172114,0.5417425021761494,22.256073435150746,12.957980533354435,10.223945556698585,15.537706734193243,,54.8033552267152
299,Oakland_11062018_CityCouncilDistrict6.csv,0,1.0,R,5.0,3.0,0.5731925354788244,0.6520840317353894,39.08816627556151,64.88993183595933,36.36719186501285,53.71549893842887,,48.22885238574142
300,Oakland_11062018_Mayor.csv,0,1.0,E,10.0,3.0,,0.6343314050261609,54.51456280188685,4.7497911523990775,3.634262312586758,5.825120754740683,,70.3266816157581
301,Oakland_11062018_SchoolDirectorDistrict2.csv,0,1.0,B,1.0,3.0,1.0,,100.0,,,,,
302,Oakland_11062018_SchoolDirectorDistrict4.csv,0,1.0,B,2.0,3.0,1.0,1.0,66.58692831657477,74.66347713266299,,,,
303,Oakland_11062018_SchoolDirectorDistrict6.csv,0,1.0,B,2.0,3.0,1.0,1.0,1.8172853419736563,98.83073888849758,,,,
304,Oakland_11082016_CityAttorney.csv,0,1.0,O,1.0,3.0,1.0,,100.0,,,,,
305,Oakland_11082016_CityCouncilDistrict1.csv,0,1.0,R,2.0,3.0,1.0,1.0,89.63127699348932,45.89698962160768,,,,
306,Oakland_11082016_CityCouncilDistrict3.csv,0,1.0,R,2.0,3.0,1.0,1.0,74.61647544153668,75.50599458553565,,,,
307,Oakland_11082016_CityCouncilDistrict5.csv,0,1.0,R,2.0,3.0,1.0,1.0,79.30513595166163,67.52985181988204,,,,
308,Oakland_11082016_CityCouncilDistrict7.csv,0,1.0,R,3.0,3.0,0.8375650628411831,0.8375650628411831,82.6520248825695,67.68439761330455,63.1395201218738,,,
309,Oakland_11082016_CouncilAtLrg.csv,0,1.0,R,5.0,3.0,0.6755869918496703,0.6035789224629063,56.5454805830381,22.502132534696496,20.244447626815766,57.923378184014396,,78.16159943215426
310,Oakland_11082016_SchoolDirectorDistrict1.csv,0,1.0,B,2.0,3.0,1.0,1.0,51.662102672536314,84.36687580158758,,,,
311,Oakland_11082016_SchoolDirectorDistrict3.csv,0,1.0,B,5.0,3.0,0.7260665624301988,0.6746035291489837,64.20370784007147,69.31427295063659,68.7871342416797,22.568684386866206,,0.23676569131114586
312,Oakland_11082016_SchoolDirectorDistrict5.csv,0,1.0,B,4.0,3.0,0.7779359964026081,0.7601738739413925,65.48752154687851,42.141947088360936,36.655924454770286,67.87828824102526,,
313,Oakland_11082016_SchoolDirectorDistrict7.csv,0,1.0,B,2.0,3.0,1.0,1.0,66.53732940861654,83.35563286058336,,,,
314,Oakland_11082022_CityAuditor.csv,0,1.0,O,1.0,5.0,1.0,,100.0,,,,,
315,Oakland_11082022_CityCouncilmemberDistrict4.csv,0,1.0,R,2.0,5.0,1.0,1.0,85.19385990198904,65.89074661285673,,,,
316,Oakland_11082022_CityCouncilmemberDistrict6.csv,0,1.0,R,4.0,5.0,0.640639762451073,0.5832096099338642,51.8288567957889,90.27534080172764,51.78161695235525,56.289647725738966,,
317,Oakland_11082022_Mayor.csv,0,1.0,E,10.0,5.0,,0.39610053623506536,40.61510238640283,39.52068111260936,34.52601210448744,8.765561792467622,,63.096992693405255
318,Oakland_11082022_Schoolboarddistrict2.csv,0,1.0,B,3.0,5.0,0.9541752201840937,0.9541752201840937,70.29335805575789,84.48447122707105,60.1086020793325,,,
319,Oakland_11082022_Schoolboarddistrict4.csv,0,1.0,B,3.0,5.0,0.7983925741453475,0.7983925741453475,72.56433476718738,69.97207757905063,71.56441023318995,,,
320,Oakland_11082022_Schoolboarddistrict6.csv,0,1.0,B,3.0,5.0,0.8993464052287582,0.8993464052287582,63.13725490196078,74.39284485724114,81.48606811145511,,,
321,Payson_11052019_CityCouncil.csv,1,1.0,R,5.0,5.0,0.288008965259619,0.28950317519611507,90.2129249159507,82.06948076204706,92.08068733657079,87.22450504295853,,78.70750840493089
322,PierceCounty_11032009_CountyAuditor.csv,1,1.0,O,3.0,3.0,0.9335344275995351,0.8597955106357974,79.54518744858386,82.75551376973401,56.20323578955616,,,
323,PierceCounty_11042008_CountyAssessorTreasurer.csv,1,1.0,O,6.0,3.0,0.5819033357272742,0.6324587809238574,41.66144583836315,20.244334764604314,30.89444249193955,42.86554711733876,,46.35598918142506
324,PierceCounty_11042008_CountyCouncilDistrict2.csv,1,1.0,R,3.0,3.0,0.8753658719635754,0.8753658719635754,65.83944162309558,59.885422660295696,75.67357966627473,,,
325,PierceCounty_11042008_CountyExecutiveMember.csv,1,1.0,E,4.0,3.0,0.7049450531080851,0.7658563657821449,57.857221663150646,50.1352358854858,58.19556212325355,53.57948827677051,,
326,Portland_06082021_charter_commission_at_large.csv,0,1.0,B,11.0,1.0,,0.25122423414189726,32.240063774057624,59.40097938731351,60.665072315226055,38.24165812549823,,45.32513381163877
327,Portland_06142022_SchoolboardAL-1.csv,0,1.0,B,7.0,7.0,0.6052128974272554,0.4933153578249635,47.89349511290866,75.59824738793394,42.27614874733176,72.93562521065049,,39.658465340972924
328,Portland_06142022_SchoolboardAL.csv,0,1.0,B,29.0,7.0,,0.59705684115929,0.011233430689732643,0.011233430689732643,0.011233430689732643,0.011233430689732643,,0.011233430689732643
329,Portland_06142022_Schoolboarddistrict5-1.csv,0,1.0,B,6.0,5.0,0.7442337262942081,0.7990773962070733,69.29779600205023,45.463864684777036,2.6140440799589952,37.929267042542286,,44.028703229113276
330,Portland_06142022_Schoolboarddistrict5.csv,0,1.0,B,14.0,5.0,,0.6974358974358974,0.05128205128205128,0.05128205128205128,0.05128205128205128,0.05128205128205128,,0.05128205128205128
331,Portland_11082022_SchoolBoardDistrict3.csv,0,1.0,B,3.0,3.0,0.9374296284381535,0.9374296284381535,73.942415956249,78.07624256072062,54.83352099083159,,,
332,SanFrancisco_06052018_BoardofSupervisorsDistrict8.csv,0,1.0,B,3.0,3.0,0.9456048084147257,0.8893764087152517,76.8084147257701,42.169797145003756,86.7588279489106,,,
333,SanFrancisco_06052018_Mayor.csv,0,1.0,E,8.0,3.0,,0.6234616027176032,13.965107120979484,30.638270789743753,10.957923292945846,58.217249142793506,,62.63494538540482
334,SanFrancisco_11022004_BoardofSupervisorsDistrict2.csv,0,1.0,B,5.0,3.0,0.6636221294363257,0.682092321967061,42.69601020644862,26.82092321967061,76.82672233820459,29.674089538390163,,45.89422407794015
335,SanFrancisco_11022004_BoardofSupervisorsDistrict3.csv,0,1.0,B,4.0,3.0,0.6995560702567072,0.5946342404941131,79.65257672264042,60.07334491410925,47.85562632696391,46.34240494113106,,
336,SanFrancisco_11022004_BoardofSupervisorsDistrict5.csv,0,1.0,B,22.0,3.0,,0.4343900424392606,15.454726708251446,15.648409239796063,7.903956250534051,16.576946082201143,,3.9163747187330884
337,SanFrancisco_11022004_BoardofSupervisorsDistrict7.csv,0,1.0,B,13.0,3.0,,0.5107304276367773,7.181010777837479,46.79035367742343,6.3465975536521375,21.95707828945289,,19.16937956319732
338,SanFrancisco_11022004_BoardofSupervisorsDistrict9.csv,0,1.0,B,6.0,3.0,0.6792968907123608,0.6629258678251077,11.174128152528056,27.85085073005913,53.36470777523028,66.73102449619887,,13.116930131531316
339,SanFrancisco_11022004_BoardofSupervisorsDistrict11.csv,0,1.0,B,8.0,3.0,,0.5308508802209182,35.869002416292716,6.536934760096652,53.3569209527097,40.822402485329654,,40.826717293752154
340,SanFrancisco_11022010_BoardofSupervisorsDistrict2.csv,0,1.0,B,6.0,3.0,0.6872902076167585,0.7084248477062699,32.099788653599106,16.13277526832705,58.165844763996525,30.831710248228422,,60.58182420952301
341,SanFrancisco_11022010_BoardofSupervisorsDistrict6.csv,0,1.0,B,14.0,3.0,,0.5897218293257898,9.77840641206978,48.340405469118345,12.220650636492222,3.5219236209335216,,3.4794908062234793
342,SanFrancisco_11022010_BoardofSupervisorsDistrict8.csv,0,1.0,B,4.0,3.0,0.7732433437240827,0.665112820659479,20.210484170789602,63.07375525495467,66.14522263848772,71.0956044270312,,
343,SanFrancisco_11022010_BoardofSupervisorsDistrict10.csv,0,1.0,B,21.0,3.0,,0.41875972438319625,3.5507890642364965,21.226939319848857,21.138030673482998,6.568126250277839,,4.134252056012447
344,SanFrancisco_11032015_BoardofSupervisorsDistrict3.csv,0,1.0,B,3.0,3.0,0.8551843869731801,0.8148347701149425,66.94803639846744,64.26604406130268,43.41475095785441,,,
345,SanFrancisco_11032015_Mayor.csv,0,1.0,E,6.0,3.0,0.7096813241756796,0.6661140496302729,40.63314123312544,62.30362358885293,37.28007157706376,16.49430278150575,,12.138101628904503
346,SanFrancisco_11032015_Sheriff.csv,0,1.0,O,3.0,3.0,0.9488357332271894,0.9488357332271894,43.40302617919327,54.45939185954569,79.6488642414919,,,
347,SanFrancisco_11032020_BOARDOFSUPERVISORSDISTRICT1.csv,0,1.0,B,7.0,7.0,0.43660333462582396,0.4308979117044259,44.02315404641888,41.145515980723424,75.50545615687143,65.6262117099651,,75.51099540242619
348,SanFrancisco_11032020_BOARDOFSUPERVISORSDISTRICT3.csv,0,1.0,B,4.0,4.0,0.6533448573898012,0.6639930855661192,88.8781331028522,80.90579083837511,65.11322385479689,59.70613656006915,,
349,SanFrancisco_11032020_BOARDOFSUPERVISORSDISTRICT5.csv,0,1.0,B,4.0,4.0,0.5738269479121825,0.5614865834409528,69.79719711101545,85.16047256899603,63.15827234897403,78.57655330750465,,
350,SanFrancisco_11032020_BOARDOFSUPERVISORSDISTRICT7.csv,0,1.0,B,7.0,7.0,0.35393557885118154,0.32177576972865957,58.59583216996218,59.423306343122576,69.1626265959337,44.65314617864304,,71.02317435337716
351,SanFrancisco_11032020_BOARDOFSUPERVISORSDISTRICT9.csv,0,1.0,B,2.0,3.0,1.0,1.0,0.22203245089666954,99.79846285226303,,,,
352,SanFrancisco_11032020_BOARDOFSUPERVISORSDISTRICT11.csv,0,1.0,B,4.0,3.0,0.8680489203133958,0.8839416523345436,88.25084400280274,0.09554748710108925,85.8589719090388,72.58424103446079,,
353,SanFrancisco_11042008_BoardofSupervisorsDistrict1.csv,0,1.0,B,9.0,3.0,,0.6256589900110988,56.38526637069923,13.679245283018867,59.82935627081021,7.567980022197558,,6.742508324084351
354,SanFrancisco_11042008_BoardofSupervisorsDistrict3.csv,0,1.0,B,9.0,3.0,,0.5273526180886122,31.314536799707067,57.9677773709264,41.18637861589162,43.57378249725375,,20.607835957524717
355,SanFrancisco_11042008_BoardofSupervisorsDistrict4.csv,0,1.0,B,3.0,3.0,0.8267146788055848,0.8267146788055848,81.3669871250467,62.24819105207732,75.91126813194279,,,
356,SanFrancisco_11042008_BoardofSupervisorsDistrict5.csv,0,1.0,B,3.0,3.0,0.9133681432822414,0.8342316545954747,62.16944584807141,54.946381449665935,92.76570658581775,,,
357,SanFrancisco_11042008_BoardofSupervisorsDistrict7.csv,0,1.0,B,3.0,3.0,0.8955944866675254,0.8955944866675254,53.040061831766074,56.68878011078191,91.45304650264073,,,
358,SanFrancisco_11042008_BoardofSupervisorsDistrict9.csv,0,1.0,B,7.0,3.0,0.6079440832738341,0.5863740558415693,72.79696366164367,61.846604787493895,8.902333621434746,23.19341625643531,,70.44831084889708
359,SanFrancisco_11042008_BoardofSupervisorsDistrict11.csv,0,1.0,B,9.0,3.0,,0.5820715206185567,0.004027061855670103,11.573775773195877,47.24548969072165,7.180251288659793,,51.31282216494846
360,SanFrancisco_11042014_BoardofSupervisorsDistrict10.csv,0,1.0,B,5.0,3.0,0.7089025574619618,0.596309485270314,25.03075428941405,68.77306571706053,40.071220459695695,29.48527031401748,,52.042732275817414
361,SanFrancisco_11052004_BoardofSupervisorsDistrict1.csv,0,1.0,B,7.0,3.0,0.5499357348803279,0.6398374266161809,28.287074026470282,60.336262896446314,5.002257963664154,25.417723277868483,,56.37266821829298
362,SanFrancisco_11052019_CityAttorney.csv,0,1.0,O,1.0,3.0,1.0,,100.0,,,,,
363,SanFrancisco_11052019_DistrictAttorney.csv,0,1.0,O,4.0,4.0,0.636196334875546,0.6720980123549329,64.27821861511023,52.43402517511437,53.59559564734162,64.84840652381814,,
364,SanFrancisco_11052019_Mayor.csv,0,1.0,E,7.0,6.0,0.644120082930815,0.6839402142194109,42.60542829986271,37.9825356152277,85.58993713488486,0.010005058112712538,,34.48854698764375
365,SanFrancisco_11052019_MemberBoardofSupervisorsDistrict5.csv,0,1.0,B,4.0,4.0,0.8003122758155041,0.7652445457230873,71.50272186352703,30.2316748955564,33.74688779170359,70.87395028906613,,
366,SanFrancisco_11052019_PublicDefender.csv,0,1.0,O,1.0,3.0,1.0,,100.0,,,,,
367,SanFrancisco_11052019_Sheriff.csv,0,1.0,O,1.0,3.0,1.0,,100.0,,,,,
368,SanFrancisco_11052019_Treasurer.csv,0,1.0,O,1.0,3.0,1.0,,100.0,,,,,
369,SanFrancisco_11062007_Mayor.csv,0,1.0,E,12.0,3.0,,0.7109265414141693,12.79358213389902,80.98133650264992,3.280104476890016,5.634980410583122,,4.121032883962935
370,SanFrancisco_11062012_BoardofSupervisorsDistrict5.csv,0,1.0,B,8.0,3.0,,0.5998412068281064,10.179776555322405,42.601939545170985,13.812170362388704,8.838541371292463,,42.502693812737476
371,SanFrancisco_11062012_BoardofSupervisorsDistrict7.csv,0,1.0,B,9.0,3.0,,0.5548391195248229,11.23145824730807,53.04767652383826,9.014388717720674,34.62821205094813,,14.61423625448655
372,SanFrancisco_11062018_AssessorRecorder.csv,0,1.0,O,2.0,3.0,1.0,1.0,85.46637675679082,56.516984937291234,,,,
373,SanFrancisco_11062018_BoardofSupervisorsDistrict2.csv,0,1.0,B,4.0,3.0,0.7170248868778281,0.6695701357466063,74.85011312217195,28.074095022624434,67.61595022624435,54.45984162895927,,
374,SanFrancisco_11062018_BoardofSupervisorsDistrict4.csv,0,1.0,B,8.0,3.0,,0.6076690990738142,11.886051080550098,27.57156890261016,58.10763401627842,48.73701936570306,,21.90920572551221
375,SanFrancisco_11062018_BoardofSupervisorsDistrict6.csv,0,1.0,B,3.0,3.0,0.7945351312987935,0.7945351312987935,70.91712010093842,85.86467944168442,67.36850406119392,,,
376,SanFrancisco_11062018_BoardofSupervisorsDistrict8.csv,0,1.0,B,2.0,3.0,1.0,1.0,31.998952804817097,96.35861675036294,,,,
377,SanFrancisco_11062018_BoardofSupervisorsDistrict10.csv,0,1.0,B,6.0,3.0,0.6656776745786034,0.6495528035775714,12.818197454420366,17.9437564499484,68.49415204678363,54.304265565875475,,48.48211214310286
378,SanFrancisco_11062018_PublicDefender.csv,0,1.0,O,1.0,3.0,1.0,,100.0,,,,,
379,SanFrancisco_11072006_BoardofSupervisorsDistrict2.csv,0,1.0,B,2.0,3.0,1.0,1.0,88.79862980181062,35.63494005382922,,,,
380,SanFrancisco_11072006_BoardofSupervisorsDistrict4.csv,0,1.0,B,6.0,3.0,0.583636180092873,0.7102261255804563,27.08964264082374,49.08136482939632,52.95275590551181,12.023016353725016,,51.791843327276396
381,SanFrancisco_11072006_BoardofSupervisorsDistrict6.csv,0,1.0,B,8.0,3.0,,0.7386990691711722,60.71567917061479,16.93885513628003,10.244690931386211,15.383757873028259,,22.26185831336046
382,SanFrancisco_11072006_BoardofSupervisorsDistrict8.csv,0,1.0,B,3.0,3.0,0.9251411093242519,0.9217355658562735,61.73493520007568,84.50477722069813,35.436571752908904,,,
383,SanFrancisco_11072006_BoardofSupervisorsDistrict10.csv,0,1.0,B,7.0,3.0,0.6181399245915375,0.7026253316575897,12.59600614439324,25.087278313084767,30.57533863985477,30.53344504957408,,28.131545873481357
384,SanFrancisco_11082005_AssessorRecorder.csv,0,1.0,O,4.0,3.0,0.8922971127976549,0.6365397743243786,0.020077902260771795,70.93723647753282,81.19302895233506,65.44091073364655,,
385,SanFrancisco_11082005_Treasurer.csv,0,1.0,O,4.0,3.0,0.7796034925293641,0.77660050654141,55.80001246522486,40.82474460454074,78.85387923463519,30.28143078117298,,
386,SanFrancisco_11082011_DistrictAttorney.csv,0,1.0,O,5.0,3.0,0.6514181252346313,0.7015870597772567,41.553544905032126,45.923536036648734,61.87193619116535,61.53297896071251,,14.43370203319931
387,SanFrancisco_11082011_Mayor.csv,0,1.0,E,16.0,3.0,,0.5165631948402734,16.507222487534598,1.9898428152552903,31.957132366911612,36.11705924339758,,45.98205803665419
388,SanFrancisco_11082011_Sheriff.csv,0,1.0,O,4.0,3.0,0.7566378436140401,0.7513439248056352,58.646370585220645,23.083884896793116,59.18830212956199,62.85806191322553,,
389,SanFrancisco_11082016_BoardofSupervisorsDistrict1.csv,0,1.0,B,10.0,3.0,,0.6374303960738666,5.524270928366942,9.978922200899738,43.00500204486111,7.245100198194231,,13.345078176613082
390,SanFrancisco_11082016_BoardofSupervisorsDistrict3.csv,0,1.0,B,2.0,3.0,1.0,1.0,84.45269434132074,55.930550868114146,,,,
391,SanFrancisco_11082016_BoardofSupervisorsDistrict5.csv,0,1.0,B,2.0,3.0,1.0,1.0,71.47558567562956,74.67638526608323,,,,
392,SanFrancisco_11082016_BoardofSupervisorsDistrict7.csv,0,1.0,B,5.0,3.0,0.5587711109225155,0.6365668052844493,52.403179722198644,51.189566890152484,44.13986251379106,31.222948315369603,,60.16860448668986
393,SanFrancisco_11082016_BoardofSupervisorsDistrict9.csv,0,1.0,B,4.0,3.0,0.8099122097005168,0.8109395429923417,82.41080879148247,20.07035676483407,64.9990660606438,60.541062200361125,,
394,SanFrancisco_11082016_BoardofSupervisorsDistrict11.csv,0,1.0,B,5.0,3.0,0.5824892029839026,0.5276403612092658,57.75029446407538,35.90498625834314,44.22065174715352,59.74087161366314,,41.821751079701606
395,SanFrancisco_11082022_AssessorRecorder.csv,0,1.0,O,1.0,3.0,1.0,,100.0,,,,,
396,SanFrancisco_11082022_BoardofSupervisorsD2.csv,0,1.0,B,1.0,3.0,1.0,,100.0,,,,,
397,SanFrancisco_11082022_BoardofSupervisorsD4.csv,0,1.0,B,2.0,3.0,1.0,1.0,69.28796005178472,70.12391344553357,,,,
398,SanFrancisco_11082022_BoardofSupervisorsD6.csv,0,1.0,B,4.0,4.0,0.7146622532793919,0.6609660414368027,48.55338972661517,75.80605614809366,80.10297903641045,42.94471006497487,,
399,SanFrancisco_11082022_BoardofSupervisorsD8.csv,0,1.0,B,2.0,3.0,1.0,1.0,50.31098043650345,89.64717855931245,,,,
400,SanFrancisco_11082022_BoardofSupervisorsD10.csv,0,1.0,B,2.0,3.0,1.0,1.0,59.815805109922756,87.73024361259655,,,,
401,SanFrancisco_11082022_DistrictAttorney.csv,0,1.0,O,4.0,4.0,0.683662433399286,0.6925533800427547,73.22479481735218,58.128271257067,68.39337194034601,43.6415986341654,,
402,SanFrancisco_11082022_PublicDefender.csv,0,1.0,O,2.0,3.0,1.0,1.0,88.99141135048974,56.62320776072406,,,,
403,SanLeandro_11022010_CountyCouncilDistrict1.csv,0,1.0,R,3.0,3.0,0.9979948869617524,0.996541180009023,0.756930171938443,72.27931224622787,84.08942804150584,,,
404,SanLeandro_11022010_CountyCouncilDistrict3.csv,0,1.0,R,1.0,3.0,1.0,,100.0,,,,,
405,SanLeandro_11022010_CountyCouncilDistrict5.csv,0,1.0,R,2.0,3.0,1.0,1.0,77.5489952865294,78.78442073927066,,,,
406,SanLeandro_11022010_Mayor.csv,0,1.0,E,6.0,3.0,0.6372138594459784,0.40625278346842436,62.09138683530774,17.05709450431994,61.10715240046317,0.0801638906208248,,29.60719693595796
407,SanLeandro_11032020_MemberCityCouncilDist2SanLeandroRCV.csv,0,1.0,R,2.0,5.0,1.0,1.0,83.83908847808395,81.28415300546447,,,,
408,SanLeandro_11032020_MemberCityCouncilDist4SanLeandroRCV.csv,0,1.0,R,2.0,5.0,1.0,1.0,73.40932705824828,89.23659922987592,,,,
409,SanLeandro_11032020_MemberCityCouncilDist6SanLeandroRCV.csv,0,1.0,R,1.0,5.0,1.0,,100.0,,,,,
410,SanLeandro_11042014_CountyCouncilDistrict1.csv,0,1.0,R,4.0,3.0,0.6738527076744336,0.6423546117601497,39.837345898147554,74.74343251791132,59.969018266313824,57.43884334860905,,
411,SanLeandro_11042014_CountyCouncilDistrict3.csv,0,1.0,R,3.0,3.0,0.8860099978877702,0.8860099978877702,66.11279307188622,84.13715412236851,77.36393719636696,,,
412,SanLeandro_11042014_CountyCouncilDistrict5.csv,0,1.0,R,3.0,3.0,0.8329818354990135,0.765290155792911,84.61119804068305,72.66480712973672,72.26341928022315,,,
413,SanLeandro_11042014_Mayor.csv,0,1.0,E,4.0,3.0,0.9024525511461671,0.9184742420507764,62.67562238106975,76.059896475228,1.4357899926053734,82.56716785802317,,
414,SanLeandro_11062012_CountyCouncilDistrict2.csv,0,1.0,R,3.0,3.0,0.8764949674363529,0.8764949674363529,70.86244326031182,80.66706137754095,82.69982238010657,,,
415,SanLeandro_11062012_CountyCouncilDistrict4.csv,0,1.0,R,4.0,3.0,0.6256321590663497,0.5921763561703047,72.00345796412361,62.930624594769824,61.22325480873136,40.484114977307115,,
416,SanLeandro_11062012_CountyCouncilDistrict6.csv,0,1.0,R,2.0,3.0,1.0,1.0,78.07968703491092,84.9683207892163,,,,
417,SanLeandro_11062018_CountyCouncilDistrict1.csv,0,1.0,R,3.0,3.0,0.8890986503856041,0.7030446658097687,87.75305269922879,67.717705655527,69.52924164524421,,,
418,SanLeandro_11062018_CountyCouncilDistrict3.csv,0,1.0,R,2.0,3.0,1.0,1.0,81.36197636949517,78.76262083780881,,,,
419,SanLeandro_11062018_CountyCouncilDistrict5.csv,0,1.0,R,2.0,3.0,1.0,1.0,87.97802480793167,68.60380273831494,,,,
420,SanLeandro_11062018_Mayor.csv,0,1.0,E,4.0,3.0,0.7311129163281884,0.6724304669065027,65.51390661869947,36.072105527832576,50.89938493675293,76.92158910680438,,
421,SanLeandro_11082016_CountyCouncilDistrict2.csv,0,1.0,R,2.0,3.0,1.0,1.0,77.09716914629169,77.28638741513004,,,,
422,SanLeandro_11082016_CountyCouncilDistrict4.csv,0,1.0,R,1.0,3.0,1.0,,100.0,,,,,
423,SanLeandro_11082016_CountyCouncilDistrict6.csv,0,1.0,R,1.0,3.0,1.0,,100.0,,,,,
424,SantaFe_03062018_CityCouncilDistrict2.csv,0,1.0,R,3.0,3.0,0.9090763822307446,0.8464365612016619,90.28443592201981,75.32758069670822,84.93128795142218,,,
425,SantaFe_03062018_CityCouncilDistrict4.csv,0,1.0,R,3.0,3.0,0.7903324495207016,0.6832551499082195,82.09259636956965,80.4609422802366,85.49867428105242,,,
426,SantaFe_03062018_Mayor.csv,0,1.0,E,5.0,5.0,0.37142857142857144,0.2803298569003153,85.44263885520252,75.54208100897405,81.11084162017949,75.31409168081494,,77.39510065486296
427,Springville_11022021_CityCouncil2yr.csv,0,1.0,R,3.0,3.0,0.8827415359207267,0.8827415359207267,90.88356729975227,78.03468208092485,88.70355078447564,,,
428,Springville_11022021_Mayor.csv,0,1.0,E,3.0,3.0,0.8926470588235295,0.7098039215686275,96.01307189542484,75.37581699346406,75.98039215686273,,,
429,StLouisPark_11022021_CityCouncilWard1.csv,0,1.0,R,1.0,3.0,1.0,,100.0,,,,,
430,StLouisPark_11022021_CityCouncilWard2.csv,0,1.0,R,2.0,3.0,1.0,1.0,38.9030612244898,65.11479591836735,,,,
431,StLouisPark_11022021_CityCouncilWard3.csv,0,1.0,R,3.0,3.0,0.8866517524235645,0.8866517524235645,80.61148396718866,65.62266964951529,78.52348993288591,,,
432,StLouisPark_11022021_CityCouncilWard4.csv,0,1.0,R,1.0,3.0,1.0,,100.0,,,,,
433,TakomaPark_11082022_CityCouncilWard1.csv,0,1.0,R,3.0,4.0,0.8866813833701251,0.7549668874172185,68.94775570272259,62.61957321559971,84.91537895511405,,,
434,TakomaPark_11082022_CityCouncilWard2.csv,0,1.0,R,1.0,2.0,1.0,,100.0,,,,,
435,TakomaPark_11082022_CityCouncilWard3.csv,0,1.0,R,5.0,4.0,0.782069970845481,0.6290087463556852,70.69970845481049,78.3527696793003,0.0728862973760933,0.0728862973760933,,82.5801749271137
436,TakomaPark_11082022_CityCouncilWard4.csv,0,1.0,R,1.0,2.0,1.0,,100.0,,,,,
437,TakomaPark_11082022_CityCouncilWard5.csv,0,1.0,R,3.0,4.0,0.8603696098562629,0.8008213552361396,73.30595482546201,82.34086242299796,67.96714579055441,,,
438,TakomaPark_11082022_CityCouncilWard6.csv,0,1.0,R,7.0,5.0,0.6553846153846153,0.5646153846153846,58.769230769230774,0.3076923076923077,78.92307692307692,78.3076923076923,,0.15384615384615385
439,TakomaPark_11082022_Mayor.csv,0,1.0,E,6.0,4.0,0.8531113058720421,0.5765118317265556,68.97458369851009,79.19368974583698,0.05258545135845749,0.05258545135845749,,85.29360210341805
440,Vineyard_11022021_Mayor.csv,0,1.0,E,3.0,3.0,0.9492517891997397,0.7937540663630449,98.37345478204294,79.63565387117761,76.31750162654521,,,
441,Vineyard_11052019_CityCouncil.csv,0,1.0,R,7.0,7.0,0.20018365472910926,0.16804407713498623,77.22681359044995,90.35812672176309,80.99173553719008,88.42975206611571,,72.81910009182737
442,WoodlandHills_11022021_Mayor.csv,0,1.0,E,3.0,3.0,0.8320610687022901,0.8320610687022901,81.37404580152672,85.0381679389313,74.04580152671755,,,
443,Wyoming_04172020_PRESIDENTOFTHEUNITEDSTATES.csv,,3.0,E,9.0,5.0,,0.633099597454876,4.752629528632645,24.7695104531879,61.336190105181146,32.2425659005324,,89.1118036618621
